23:02:32.879334,3.3
23:02:32.970935,3.3
23:02:33.083501,3.3
23:02:33.173880,3.3
23:02:33.275667,3.3
23:02:33.376444,3.3
23:02:33.478493,3.3
23:02:33.579239,3.3
23:02:33.679734,3.3
23:02:33.781722,3.3
23:02:33.900933,3.3
23:02:33.983565,3.3
23:02:34.095405,3.3
23:02:34.186585,3.3
23:02:34.288404,3.3
23:02:34.394917,3.3
23:02:34.489573,3.3
23:02:34.592057,3.3
23:02:34.701855,3.3
23:02:34.794273,3.3
23:02:34.897542,3.3
23:02:35.010699,3.3
23:02:35.098335,3.3
23:02:35.200529,3.3
23:02:35.302198,3.3
23:02:35.401036,3.3
23:02:35.507544,3.3
23:02:35.604513,3.3
23:02:35.706130,3.3
23:02:35.817405,3.3
23:02:35.907909,3.3
23:02:36.008775,3.3
23:02:36.111249,3.3
23:02:36.211026,3.3
23:02:36.312593,3.3
23:02:36.413834,3.3
23:02:36.522418,3.3
23:02:36.617075,3.3
23:02:36.716820,3.2001
23:02:36.818818,3.051
23:02:36.920169,2.864
23:02:37.026844,2.6763
23:02:37.126253,2.5497
23:02:37.224467,2.453
23:02:37.324823,2.3805
23:02:37.428612,2.2733
23:02:37.528866,2.1597
23:02:37.629337,2.0259
23:02:37.731109,1.8857
23:02:37.832318,1.7286
23:02:37.944770,1.569
23:02:38.036397,1.4086
23:02:38.135684,1.2475
23:02:38.236569,1.1
23:02:38.338690,0.9823
23:02:38.441690,0.9074
23:02:38.541578,0.8615
23:02:38.641558,0.8623
23:02:38.742894,0.8623
23:02:38.844374,0.8679
23:02:38.944757,0.901
23:02:39.048671,0.9662
23:02:39.147742,1.0702
23:02:39.250924,1.2032
23:02:39.350340,1.3579
23:02:39.457462,1.5352
23:02:39.552045,1.7253
23:02:39.659657,1.9099
23:02:39.754797,2.0832
23:02:39.856037,2.2427
23:02:39.960795,2.3926
23:02:40.059993,2.5385
23:02:40.161008,2.6658
23:02:40.261794,2.7802
23:02:40.372246,2.8866
23:02:40.466066,2.9809
23:02:40.567537,3.0736
23:02:40.669798,3.1977
23:02:40.769165,3.3
23:02:40.871988,3.3
23:02:40.969882,3.3
23:02:41.070783,3.3
23:02:41.176173,3.3
23:02:41.276251,3.3
23:02:41.375176,3.3
23:02:41.479892,3.3
23:02:41.582897,3.3
23:02:41.678900,3.3
23:02:41.790582,3.3
23:02:41.880796,3.3
23:02:41.986823,3.3
23:02:42.094451,3.3
23:02:42.190093,3.3
23:02:42.288592,3.3
23:02:42.386648,3.3
23:02:42.491476,3.3
23:02:42.589736,3.3
23:02:42.691828,3.3
23:02:42.791830,3.3
23:02:42.894611,3.3
23:02:42.995180,3.3
23:02:43.096664,3.3
23:02:43.200938,3.3
23:02:43.316843,3.3
23:02:43.399582,3.3
23:02:43.502586,3.3
23:02:43.603289,3.3
23:02:43.703922,3.3
23:02:43.805105,3.3
23:02:43.912555,3.3
23:02:44.010072,3.3
23:02:44.107870,3.3
23:02:44.215664,3.3
23:02:44.311028,3.3
23:02:44.413671,3.3
23:02:44.513455,3.3
23:02:44.615031,3.3
23:02:44.723653,3.3
23:02:44.817038,3.3
23:02:44.918052,3.3
23:02:45.021979,3.3
23:02:45.121020,3.3
23:02:45.221925,3.3
23:02:45.326700,3.3
23:02:45.424733,3.3
23:02:45.527184,3.3
23:02:45.629133,3.3
23:02:45.731131,3.3
23:02:45.844168,3.3
23:02:45.950525,3.3
23:02:46.036800,3.3
23:02:46.133369,3.3
23:02:46.234759,3.3
23:02:46.336665,3.3
23:02:46.436604,3.3
23:02:46.546677,3.3
23:02:46.639709,3.3
23:02:46.741365,3.3
23:02:46.843915,3.3
23:02:46.957448,3.3
23:02:47.044705,3.3
23:02:47.146237,3.3
23:02:47.247226,3.3
23:02:47.347606,3.3
23:02:47.449927,3.3
23:02:47.550954,3.3
23:02:47.655102,3.3
23:02:47.753240,3.3
23:02:47.855317,3.3
23:02:47.961015,3.3
23:02:48.057960,3.3
23:02:48.163928,3.3
23:02:48.260995,3.3
23:02:48.360846,3.3
23:02:48.461779,3.3
23:02:48.562971,3.3
23:02:48.672493,3.3
23:02:48.765874,3.3
23:02:48.868659,3.3
23:02:48.971630,3.3
23:02:49.073088,3.3
23:02:49.170875,3.3
23:02:49.274845,3.3
23:02:49.373170,3.3
23:02:49.482384,3.3
23:02:49.581856,3.3
23:02:49.676868,3.3
23:02:49.782136,3.3
23:02:49.878904,3.3
23:02:49.983747,3.3
23:02:50.082491,3.3
23:02:50.192287,3.3
23:02:50.285481,3.3
23:02:50.384803,3.3
23:02:50.487462,3.3
23:02:50.587947,3.3
23:02:50.689528,3.3
23:02:50.795090,3.3
23:02:50.900589,3.3
23:02:50.994777,3.3
23:02:51.093890,3.3
23:02:51.197727,3.3
23:02:51.296747,3.3
23:02:51.397705,3.3
23:02:51.499684,3.3
23:02:51.602068,3.3
23:02:51.702017,3.3
23:02:51.802853,3.3
23:02:51.905054,3.3
23:02:52.008217,3.3
23:02:52.107622,3.3
23:02:52.208297,3.3
23:02:52.310602,3.3
23:02:52.415989,3.3
23:02:52.511082,3.3
23:02:52.613833,3.3
23:02:52.716830,3.3
23:02:52.815521,3.3
23:02:52.919555,3.3
23:02:53.020505,3.3
23:02:53.118930,3.3
23:02:53.223085,3.3
23:02:53.323842,3.3
23:02:53.425340,3.3
23:02:53.532743,3.3
23:02:53.626818,3.3
23:02:53.731104,3.3
23:02:53.827607,3.3
23:02:53.929709,3.3
23:02:54.029877,3.3
23:02:54.132078,3.3
23:02:54.233291,3.3
23:02:54.335815,3.3
23:02:54.436231,3.3
23:02:54.543503,3.3
23:02:54.637842,3.3
23:02:54.739986,3.3
23:02:54.840056,3.3
23:02:54.944999,3.3
23:02:55.042896,3.3
23:02:55.144467,3.3
23:02:55.246023,3.3
23:02:55.346021,3.3
23:02:55.450237,3.3
23:02:55.552633,3.3
23:02:55.654532,3.3
23:02:55.752731,3.3
23:02:55.856643,3.3
23:02:55.954271,3.3
23:02:56.054846,3.3
23:02:56.156997,3.3
23:02:56.257111,3.3
23:02:56.358936,3.3
23:02:56.459822,3.3
23:02:56.564724,3.3
23:02:56.661976,3.3
23:02:56.764117,3.3
23:02:56.867009,3.3
23:02:56.966211,3.3
23:02:57.072494,3.3
23:02:57.169364,3.3
23:02:57.272669,3.3
23:02:57.371083,3.3
23:02:57.473647,3.3
23:02:57.582460,3.3
23:02:57.675350,3.3
23:02:57.779835,3.3
23:02:57.876761,3.3
23:02:57.979328,3.3
23:02:58.088759,3.3
23:02:58.180793,3.3
23:02:58.283251,3.3
23:02:58.382812,3.3
23:02:58.498472,3.3
23:02:58.592222,3.3
23:02:58.688159,3.3
23:02:58.792025,3.3
23:02:58.890346,3.3
23:02:58.997904,3.3
23:02:59.094403,3.3
23:02:59.193439,3.3
23:02:59.307271,3.3
23:02:59.396916,3.3
23:02:59.499913,3.3
23:02:59.598795,3.3
23:02:59.704907,3.3
23:02:59.801700,3.3
23:02:59.902087,3.3
23:03:00.003784,3.3
23:03:00.104775,3.3
23:03:00.205786,3.3
23:03:00.307015,3.3
23:03:00.417409,3.3
23:03:00.511304,3.3
23:03:00.611997,3.3
23:03:00.712556,3.3
23:03:00.813742,3.3
23:03:00.913777,3.3
23:03:01.015844,3.3
23:03:01.116834,3.3
23:03:01.217760,3.3
23:03:01.319250,3.3
23:03:01.424323,3.3
23:03:01.522232,3.3
23:03:01.622801,3.3
23:03:01.726001,3.3
23:03:01.826326,3.3
23:03:01.926890,3.3
23:03:02.028501,3.3
23:03:02.129476,3.3
23:03:02.235428,3.3
23:03:02.333568,3.3
23:03:02.434264,3.3
23:03:02.538776,3.3
23:03:02.638320,3.3
23:03:02.737627,3.3
23:03:02.837796,3.3
23:03:02.944386,3.3
23:03:03.040942,3.3
23:03:03.141953,3.3
23:03:03.242869,3.3
23:03:03.345697,3.3
23:03:03.445778,3.3
23:03:03.546672,3.3
23:03:03.647889,3.3
23:03:03.750535,3.3
23:03:03.852610,3.3
23:03:03.953561,3.3
23:03:04.053160,3.3
23:03:04.153754,3.3
23:03:04.255288,3.3
23:03:04.357163,3.3
23:03:04.457898,3.3
23:03:04.558849,3.3
23:03:04.660026,3.3
23:03:04.765114,3.3
23:03:04.862887,3.3
23:03:04.964583,3.3
23:03:05.065363,3.3
23:03:05.167058,3.3
23:03:05.271994,3.3
23:03:05.368788,3.3
23:03:05.471718,3.3
23:03:05.572215,3.3
23:03:05.672940,3.3
23:03:05.773561,3.3
23:03:05.876605,3.3
23:03:05.985266,3.3
23:03:06.078472,3.3
23:03:06.184146,3.3
23:03:06.281063,3.3
23:03:06.383383,3.3
23:03:06.482678,3.3
23:03:06.583565,3.3
23:03:06.686680,3.3
23:03:06.786407,3.3
23:03:06.888102,3.3
23:03:06.990541,3.3
23:03:07.090433,3.3
23:03:07.194132,3.3
23:03:07.293384,3.3
23:03:07.395256,3.3
23:03:07.498262,3.3
23:03:07.602979,3.3
23:03:07.698611,3.3
23:03:07.799077,3.3
23:03:07.906798,3.3
23:03:08.001124,3.3
23:03:08.110256,3.3
23:03:08.205947,3.3
23:03:08.305235,3.3
23:03:08.405918,3.3
23:03:08.512716,3.3
23:03:08.608926,3.3
23:03:08.712303,3.3
23:03:08.811340,3.3
23:03:08.913287,3.3
23:03:09.017967,3.3
23:03:09.115082,3.3
23:03:09.215865,3.3
23:03:09.321578,3.3
23:03:09.424231,3.3
23:03:09.519664,3.3
23:03:09.622406,3.3
23:03:09.726158,3.3
23:03:09.824604,3.3
23:03:09.925069,3.3
23:03:10.026801,3.3
23:03:10.126994,3.3
23:03:10.229168,3.3
23:03:10.335090,3.3
23:03:10.433113,3.3
23:03:10.531652,3.3
23:03:10.633765,3.3
23:03:10.734988,3.3
23:03:10.837629,3.3
23:03:10.937758,3.3
23:03:11.039205,3.3
23:03:11.140907,3.3
23:03:11.240767,3.3
23:03:11.342148,3.3
23:03:11.444147,3.3
23:03:11.545059,3.3
23:03:11.645904,3.3
23:03:11.746905,3.3
23:03:11.850232,3.3
23:03:11.959631,3.3
23:03:12.051963,3.3
23:03:12.156344,3.3
23:03:12.255062,3.3
23:03:12.363008,3.3
23:03:12.458726,3.3
23:03:12.556544,3.3
23:03:12.657786,3.3
23:03:12.760844,3.3
23:03:12.861132,3.3
23:03:12.965257,3.3
23:03:13.063666,3.3
23:03:13.166055,3.3
23:03:13.266802,3.3
23:03:13.366830,3.3
23:03:13.468383,3.3
23:03:13.575005,3.3
23:03:13.670893,3.3
23:03:13.776349,3.3
23:03:13.872995,3.3
23:03:13.975901,3.3
23:03:14.076460,3.3
23:03:14.178906,3.3
23:03:14.277856,3.3
23:03:14.378919,3.3
23:03:14.485730,3.3
23:03:14.590232,3.3
23:03:14.683988,3.3
23:03:14.783899,3.3
23:03:14.887454,3.3
23:03:14.986664,3.3
23:03:15.087866,3.3
23:03:15.190846,3.3
23:03:15.292464,3.3
23:03:15.392985,3.3
23:03:15.492801,3.3
23:03:15.596015,3.3
23:03:15.696183,3.3
23:03:15.796793,3.3
23:03:15.903920,3.3
23:03:16.002741,3.3
23:03:16.100687,3.3
23:03:16.206328,3.3
23:03:16.302978,3.3
23:03:16.404140,3.3
23:03:16.506223,3.3
23:03:16.608394,3.3
23:03:16.710257,3.3
23:03:16.808981,3.3
23:03:16.911481,3.3
23:03:17.012174,3.3
23:03:17.114150,3.3
23:03:17.217113,3.3
23:03:17.317646,3.3
23:03:17.417224,3.3
23:03:17.520958,3.3
23:03:17.618791,3.3
23:03:17.719793,3.3
23:03:17.826812,3.3
23:03:18.921834,3.3
23:03:19.025532,3.3
23:03:19.127223,3.3
23:03:19.225954,3.3
23:03:19.333641,3.3
23:03:19.429162,3.3
23:03:19.531304,3.3
23:03:19.633129,3.3
23:03:19.733326,3.3
23:03:19.833709,3.3
23:03:19.936479,3.3
23:03:20.038621,3.3
23:03:20.137620,3.3
23:03:20.238718,3.3
23:03:20.339763,3.3
23:03:20.444173,3.3
23:03:20.542432,3.3
23:03:20.644176,3.3
23:03:20.744919,3.3
23:03:20.851676,3.3
23:03:20.952829,3.3
23:03:21.049257,3.3
23:03:21.149870,3.3
23:03:21.250991,3.3
23:03:21.352519,3.3
23:03:21.457646,3.3
23:03:21.555666,3.3
23:03:21.659744,3.3
23:03:21.757048,3.3
23:03:21.872917,3.3
23:03:21.960940,3.3
23:03:22.062476,3.3
23:03:22.162072,3.3
23:03:22.264485,3.3
23:03:22.364627,3.3
23:03:22.479224,3.3
23:03:22.572243,3.3
23:03:22.673798,3.3
23:03:22.769670,3.3
23:03:22.870564,3.3
23:03:22.971579,3.3
23:03:23.077528,3.3
23:03:23.180446,3.3
23:03:23.278776,3.3
23:03:23.378517,3.3
23:03:23.479196,3.3
23:03:23.588710,3.3
23:03:23.686754,3.3
23:03:23.783437,3.3
23:03:23.888696,3.3
23:03:23.985060,3.3
23:03:24.086251,3.3
23:03:24.186867,3.3
23:03:24.289769,3.3
23:03:24.391335,3.3
23:03:24.491187,3.3
23:03:24.594927,3.3
23:03:24.693032,3.3
23:03:24.798319,3.3
23:03:24.897149,3.3
23:03:25.000773,3.3
23:03:25.098636,3.3
23:03:25.199826,3.3
23:03:25.301252,3.3
23:03:25.401857,3.3
23:03:25.502859,3.3
23:03:25.607397,3.3
23:03:25.709040,3.3
23:03:25.811622,3.3
23:03:25.911957,3.3
23:03:26.009923,3.3
23:03:26.115170,3.3
23:03:26.213403,3.3
23:03:26.313612,3.3
23:03:26.421769,3.3
23:03:26.520603,3.3
23:03:26.623292,3.3
23:03:26.717824,3.3
23:03:26.819753,3.3
23:03:26.925125,3.3
23:03:27.022163,3.3
23:03:27.122983,3.3
23:03:27.226111,3.3
23:03:27.331597,3.3
23:03:27.443176,3.3
23:03:27.531887,3.3
23:03:27.636335,3.3
23:03:27.730830,3.3
23:03:27.831588,3.3
23:03:27.938348,3.3
23:03:28.046267,3.3
23:03:28.135564,3.3
23:03:28.243215,3.3
23:03:28.338498,3.3
23:03:28.445248,3.3
23:03:28.541163,3.3
23:03:28.644186,3.3
23:03:28.744903,3.3
23:03:28.847075,3.3
23:03:28.946703,3.3
23:03:29.047740,3.3
23:03:29.148582,3.3
23:03:29.250318,3.3
23:03:29.356114,3.3
23:03:29.451830,3.3
23:03:29.554030,3.3
23:03:29.658176,3.3
23:03:29.758281,3.3
23:03:29.858375,3.3
23:03:29.958020,3.3
23:03:30.063526,3.3
23:03:30.160106,3.3
23:03:30.263928,3.3
23:03:30.365727,3.3
23:03:30.466805,3.3
23:03:30.565058,3.3
23:03:30.668882,3.3
23:03:30.769164,3.3
23:03:30.870276,3.3
23:03:30.970237,3.3
23:03:31.073744,3.3
23:03:31.173248,3.3
23:03:31.280559,3.3
23:03:31.374847,3.3
23:03:31.476629,3.3
23:03:31.585101,3.3
23:03:31.678884,3.3
23:03:31.781618,3.3
23:03:31.882650,3.3
23:03:31.984141,3.3
23:03:32.083579,3.3
23:03:32.188163,3.3
23:03:32.285979,3.3
23:03:32.394015,3.3
23:03:32.488616,3.3
23:03:32.590007,3.3
23:03:32.696956,3.3
23:03:32.792764,3.3
23:03:32.895703,3.3
23:03:33.006079,3.3
23:03:33.097118,3.3
23:03:33.205419,3.3
23:03:33.299672,3.3
23:03:33.403662,3.3
23:03:33.501146,3.3
23:03:33.614330,3.3
23:03:33.704252,3.3
23:03:33.805753,3.3
23:03:33.915936,3.3
23:03:34.008846,3.3
23:03:34.108797,3.3
23:03:34.211607,3.3
23:03:34.311582,3.3
23:03:34.418621,3.3
23:03:34.514923,3.3
23:03:34.615800,3.3
23:03:34.718168,3.3
23:03:34.820050,3.3
23:03:34.921545,3.3
23:03:35.021819,3.3
23:03:35.121169,3.3
23:03:35.223431,3.3
23:03:35.324926,3.3
23:03:35.425470,3.3
23:03:35.526183,3.3
23:03:35.633505,3.3
23:03:35.728997,3.3
23:03:35.830686,3.3
23:03:35.933958,3.3
23:03:36.035434,3.3
23:03:36.133767,3.3
23:03:36.234862,3.3
23:03:36.337420,3.3
23:03:36.437559,3.3
23:03:36.539376,3.3
23:03:36.640328,3.3
23:03:36.740796,3.3
23:03:36.841872,3.3
23:03:36.943916,3.3
23:03:37.044643,3.3
23:03:37.145999,3.3
23:03:37.249081,3.3
23:03:37.354563,3.3
23:03:37.453521,3.3
23:03:37.551382,3.3
23:03:37.651561,3.3
23:03:37.759605,3.3
23:03:37.854588,3.3
23:03:37.959824,3.3
23:03:38.057684,3.3
23:03:38.157841,3.3
23:03:38.264575,3.3
23:03:38.363740,3.3
23:03:38.463656,3.3
23:03:38.568711,3.3
23:03:38.665255,3.3
23:03:38.773742,3.3
23:03:38.867887,3.3
23:03:38.969924,3.3
23:03:39.069837,3.3
23:03:39.174942,3.3
23:03:39.272245,3.3
23:03:39.376815,3.3
23:03:39.474884,3.3
23:03:39.575741,3.3
23:03:39.684456,3.3
23:03:39.777886,3.3
23:03:39.880350,3.3
23:03:39.981105,3.3
23:03:40.085047,3.3
23:03:40.182829,3.3
23:03:40.289156,3.3
23:03:40.385783,3.3
23:03:40.487456,3.3
23:03:40.588835,3.3
23:03:40.689931,3.3
23:03:40.793256,3.3
23:03:40.892379,3.3
23:03:40.992813,3.3
23:03:41.100148,3.3
23:03:41.199590,3.3
23:03:41.299906,3.3
23:03:41.398581,3.3
23:03:41.502072,3.3
23:03:41.603363,3.3
23:03:41.702979,3.3
23:03:41.804263,3.3
23:03:41.904252,3.3
23:03:42.006536,3.3
23:03:42.107646,3.3
23:03:42.208430,3.3
23:03:42.310923,3.3
23:03:42.415941,3.3
23:03:42.514415,3.3
23:03:42.612796,3.3
23:03:42.717891,3.3
23:03:42.815931,3.3
23:03:42.917636,3.3
23:03:43.021195,3.3
23:03:43.120137,3.3
23:03:43.255516,3.3
23:03:43.321951,3.3
23:03:43.423418,3.3
23:03:43.528675,3.3
23:03:43.628789,3.3
23:03:43.726959,3.3
23:03:43.829504,3.3
23:03:43.931801,3.3
23:03:44.029680,3.3
23:03:44.134524,3.3
23:03:44.237098,3.3
23:03:44.333961,3.3
23:03:44.436816,3.3
23:03:44.537035,3.3
23:03:44.638284,3.3
23:03:44.743219,3.3
23:03:44.839863,3.3
23:03:44.941927,3.3
23:03:45.042813,3.3
23:03:45.146095,3.3
23:03:45.245064,3.3
23:03:45.352339,3.3
23:03:45.448053,3.3
23:03:45.548814,3.3
23:03:45.649861,3.3
23:03:45.752085,3.3
23:03:45.854714,3.3
23:03:45.955390,3.3
23:03:46.054696,3.3
23:03:46.157393,3.3
23:03:46.258245,3.3
23:03:46.358840,3.3
23:03:46.461023,3.3
23:03:46.563865,3.3
23:03:46.663764,3.3
23:03:46.773341,3.3
23:03:46.864678,3.3
23:03:46.967088,3.3
23:03:47.067605,3.3
23:03:47.175182,3.3
23:03:47.270356,3.3
23:03:47.370673,3.3
23:03:47.472592,3.3
23:03:47.573630,3.3
23:03:47.677713,3.3
23:03:47.776160,3.3
23:03:47.877895,3.3
23:03:47.982698,3.3
23:03:48.080741,3.3
23:03:48.184793,3.3
23:03:48.282837,3.3
23:03:48.387375,3.3
23:03:48.485082,3.3
23:03:48.587895,3.3
23:03:48.687917,3.3
23:03:48.789317,3.3
23:03:48.890009,3.3
23:03:48.992861,3.3
23:03:49.099202,3.3
23:03:49.198120,3.3
23:03:49.297698,3.3
23:03:49.402851,3.3
23:03:49.497969,3.3
23:03:49.606377,3.3
23:03:49.708079,3.3
23:03:49.800931,3.3
23:03:49.904663,3.3
23:03:50.005161,3.3
23:03:50.104938,3.3
23:03:50.206229,3.3
23:03:50.306718,3.3
23:03:50.410296,3.3
23:03:50.509659,3.3
23:03:50.615744,3.3
23:03:50.712647,3.3
23:03:50.815049,3.3
23:03:50.917039,3.3
23:03:51.016657,3.3
23:03:51.118423,3.3
23:03:51.225170,3.3
23:03:51.320326,3.3
23:03:51.420840,3.3
23:03:51.521978,3.3
23:03:51.622897,3.3
23:03:51.730596,3.3
23:03:51.825895,3.3
23:03:51.926877,3.3
23:03:52.028334,3.3
23:03:52.130774,3.3
23:03:52.231488,3.3
23:03:52.342642,3.3
23:03:52.442063,3.3
23:03:52.535042,3.3
23:03:52.637680,3.3
23:03:52.736923,3.3
23:03:52.841428,3.3
23:03:52.940414,3.3
23:03:53.041031,3.3
23:03:53.143025,3.3
23:03:53.247503,3.3
23:03:53.344929,3.3
23:03:53.447322,3.3
23:03:53.546615,3.3
23:03:53.649945,3.3
23:03:53.749903,3.3
23:03:53.851917,3.3
23:03:53.960529,3.3
23:03:54.053262,3.3
23:03:54.154869,3.3
23:03:54.258946,3.3
23:03:54.360777,3.3
23:03:54.457851,3.3
23:03:54.562166,3.3
23:03:54.661669,3.3
23:03:54.766988,3.3
23:03:54.865649,3.3
23:03:54.964899,3.3
23:03:55.067810,3.3
23:03:55.167976,3.3
23:03:55.268929,3.3
23:03:55.370011,3.3
23:03:55.470957,3.3
23:03:55.577598,3.3
23:03:55.672576,3.3
23:03:55.780975,3.3
23:03:55.888534,3.3
23:03:55.985948,3.3
23:03:56.079391,3.3
23:03:56.179487,3.3
23:03:56.282963,3.3
23:03:56.381863,3.3
23:03:56.483030,3.3
23:03:56.587171,3.3
23:03:56.686796,3.3
23:03:56.786780,3.3
23:03:56.891480,3.3
23:03:56.990869,3.3
23:03:57.091273,3.3
23:03:57.191811,3.3
23:03:57.293172,3.3
23:03:57.394236,3.3
23:03:57.496731,3.3
23:03:57.605012,3.3
23:03:57.699590,3.3
23:03:57.800893,3.3
23:03:57.901260,3.3
23:03:58.001660,3.3
23:03:58.108197,3.3
23:03:58.206337,3.3
23:03:58.304627,3.3
23:03:58.412891,3.3
23:03:58.508113,3.3
23:03:58.612016,3.3
23:03:58.710752,3.3
23:03:58.812761,3.3
23:03:58.913736,3.3
23:03:59.014846,3.3
23:03:59.116217,3.3
23:03:59.217999,3.3
23:03:59.317947,3.3
23:03:59.422978,3.3
23:03:59.531573,3.3
23:03:59.623078,3.3
23:03:59.727489,3.3
23:03:59.824324,3.3
23:03:59.925570,3.3
23:04:00.026120,3.3
23:04:00.130546,3.3
23:04:00.229879,3.3
23:04:00.330972,3.3
23:04:00.432959,3.3
23:04:00.536340,3.3
23:04:00.636422,3.3
23:04:00.742750,3.3
23:04:00.836918,3.3
23:04:00.938867,3.3
23:04:01.038823,3.3
23:04:01.140383,3.3
23:04:01.241650,3.3
23:04:01.345334,3.3
23:04:01.455652,3.3
23:04:01.552604,3.3
23:04:01.646682,3.3
23:04:01.747606,3.3
23:04:01.851461,3.3
23:04:01.951595,3.3
23:04:02.052542,3.3
23:04:02.152701,3.3
23:04:02.255501,3.3
23:04:02.358743,3.3
23:04:02.456003,3.3
23:04:02.557796,3.3
23:04:02.665886,3.3
23:04:02.760194,3.3
23:04:02.863745,3.3
23:04:02.964734,3.3
23:04:03.064834,3.3
23:04:03.164762,3.3
23:04:03.271597,3.3
23:04:03.368136,3.3
23:04:03.470602,3.3
23:04:03.569664,3.3
23:04:03.671635,3.3
23:04:03.774435,3.3
23:04:03.874045,3.3
23:04:03.975980,3.3
23:04:04.076723,3.3
23:04:04.177702,3.3
23:04:04.279974,3.3
23:04:04.381300,3.3
23:04:04.481586,3.3
23:04:04.586929,3.3
23:04:04.685210,3.3
23:04:04.786881,3.3
23:04:04.887003,3.3
23:04:04.990888,3.3
23:04:05.092220,3.3
23:04:05.191417,3.3
23:04:05.290812,3.3
23:04:05.392047,3.3
23:04:05.492815,3.3
23:04:05.595882,3.3
23:04:05.696033,3.3
23:04:05.797923,3.3
23:04:05.899039,3.3
23:04:06.000579,3.3
23:04:06.102124,3.3
23:04:06.202883,3.3
23:04:06.305722,3.3
23:04:06.408998,3.3
23:04:06.509329,3.3
23:04:06.606997,3.3
23:04:06.710032,3.3
23:04:06.809820,3.3
23:04:06.910890,3.3
23:04:07.012235,3.3
23:04:07.118839,3.3
23:04:07.215178,3.3
23:04:07.322342,3.3
23:04:07.416874,3.3
23:04:07.519850,3.3
23:04:07.620016,3.3
23:04:07.720862,3.3
23:04:07.822905,3.3
23:04:07.922582,3.3
23:04:08.025377,3.3
23:04:08.125824,3.3
23:04:08.227056,3.3
23:04:08.327826,3.3
23:04:08.429675,3.3
23:04:08.535868,3.3
23:04:08.637767,3.3
23:04:08.734712,3.3
23:04:08.835140,3.3
23:04:08.937862,3.3
23:04:09.039703,3.3
23:04:09.138717,3.3
23:04:09.240522,3.3
23:04:09.340884,3.3
23:04:09.444603,3.3
23:04:09.543465,3.3
23:04:09.647016,3.3
23:04:09.747283,3.3
23:04:09.847018,3.3
23:04:09.947917,3.3
23:04:10.050598,3.3
23:04:10.153407,3.3
23:04:10.251598,3.3
23:04:10.357055,3.3
23:04:10.454145,3.3
23:04:10.558248,3.3
23:04:10.657256,3.3
23:04:10.757898,3.3
23:04:10.860798,3.3
23:04:10.960656,3.3
23:04:11.062542,3.3
23:04:11.162851,3.3
23:04:11.273621,3.3
23:04:11.367907,3.3
23:04:11.466869,3.3
23:04:11.570693,3.3
23:04:11.673658,3.3
23:04:11.773593,3.3
23:04:11.874837,3.3
23:04:11.972825,3.3
23:04:12.073585,3.3
23:04:12.174966,3.3
23:04:12.276934,3.3
23:04:12.377591,3.3
23:04:12.488600,3.3
23:04:12.580612,3.3
23:04:12.682879,3.3
23:04:12.783390,3.3
23:04:12.883855,3.3
23:04:12.984994,3.3
23:04:13.087463,3.3
23:04:13.191197,3.3
23:04:13.290147,3.3
23:04:13.391159,3.3
23:04:13.496785,3.3
23:04:13.592968,3.3
23:04:13.694271,3.3
23:04:13.795586,3.3
23:04:13.899828,3.3
23:04:13.997727,3.3
23:04:14.098941,3.3
23:04:14.201783,3.3
23:04:14.301974,3.3
23:04:14.403122,3.3
23:04:14.510082,3.3
23:04:14.605644,3.3
23:04:14.705961,3.3
23:04:14.809914,3.3
23:04:14.918110,3.3
23:04:15.010768,3.3
23:04:15.111768,3.3
23:04:15.214322,3.3
23:04:15.314074,3.3
23:04:15.417802,3.3
23:04:15.515972,3.3
23:04:15.618770,3.3
23:04:15.719002,3.3
23:04:15.826328,3.3
23:04:15.930828,3.3
23:04:16.027666,3.3
23:04:16.133786,3.3
23:04:16.224644,3.3
23:04:16.330528,3.3
23:04:16.429028,3.3
23:04:16.531354,3.3
23:04:16.629795,3.3
23:04:16.731724,3.3
23:04:16.835116,3.3
23:04:16.933812,3.3
23:04:17.034990,3.3
23:04:17.135889,3.3
23:04:17.239735,3.3
23:04:17.339038,3.3
23:04:17.441805,3.3
23:04:17.540882,3.3
23:04:17.644117,3.3
23:04:17.744967,3.3
23:04:17.847019,3.3
23:04:17.946352,3.3
23:04:18.056323,3.3
23:04:18.149527,3.3
23:04:18.249705,3.3
23:04:18.353239,3.3
23:04:18.452799,3.3
23:04:18.559119,3.3
23:04:18.655012,3.3
23:04:18.759710,3.3
23:04:18.862669,3.3
23:04:18.959715,3.3
23:04:19.060860,3.3
23:04:19.161231,3.3
23:04:19.262102,3.3
23:04:19.364051,3.3
23:04:19.465065,3.3
23:04:19.566838,3.3
23:04:19.668965,3.3
23:04:19.768836,3.3
23:04:19.871044,3.3
23:04:19.971859,3.3
23:04:20.073225,3.3
23:04:20.175046,3.3
23:04:20.275143,3.3
23:04:20.382475,3.3
23:04:20.477352,3.3
23:04:20.578657,3.3
23:04:20.680558,3.3
23:04:20.784547,3.3
23:04:20.884808,3.3
23:04:20.983023,3.3
23:04:21.093242,3.3
23:04:21.186205,3.3
23:04:21.287048,3.3
23:04:21.388405,3.3
23:04:21.490756,3.3
23:04:21.591390,3.3
23:04:21.698133,3.3
23:04:21.792942,3.3
23:04:21.899790,3.3
23:04:21.997298,3.3
23:04:22.099237,3.3
23:04:22.197833,3.3
23:04:22.298663,3.3
23:04:22.400621,3.3
23:04:22.507674,3.3
23:04:22.604101,3.3
23:04:22.710689,3.3
23:04:22.805644,3.3
23:04:22.909208,3.3
23:04:23.012835,3.3
23:04:23.113413,3.3
23:04:23.216341,3.3
23:04:23.313026,3.3
23:04:23.415576,3.3
23:04:23.514866,3.3
23:04:23.619564,3.3
23:04:23.723090,3.3
23:04:23.817770,3.3
23:04:23.926494,3.3
23:04:24.021932,3.3
23:04:24.122932,3.3
23:04:24.222925,3.3
23:04:24.324287,3.3
23:04:24.435806,3.3
23:04:24.526739,3.3
23:04:24.628506,3.3
23:04:24.728982,3.3
23:04:24.831516,3.3
23:04:24.936151,3.3
23:04:25.032974,3.3
23:04:25.142089,3.3
23:04:25.237463,3.3
23:04:25.337193,3.3
23:04:25.437902,3.3
23:04:25.540127,3.3
23:04:25.639890,3.3
23:04:25.743452,3.3
23:04:25.843051,3.3
23:04:25.950394,3.3
23:04:26.052425,3.3
23:04:26.147845,3.3
23:04:26.249633,3.3
23:04:26.353624,3.3
23:04:26.449861,3.3
23:04:26.552457,3.3
23:04:26.653328,3.3
23:04:26.757539,3.3
23:04:26.855998,3.3
23:04:26.961555,3.3
23:04:27.058057,3.3
23:04:27.159786,3.3
23:04:27.260049,3.3
23:04:27.366888,3.3
23:04:27.463270,3.3
23:04:27.564834,3.3
23:04:27.664935,3.3
23:04:27.767899,3.3
23:04:27.869013,3.3
23:04:27.969903,3.3
23:04:28.069981,3.3
23:04:28.173122,3.3
23:04:28.272918,3.3
23:04:28.374189,3.3
23:04:28.474990,3.3
23:04:28.577862,3.3
23:04:28.678440,3.3
23:04:28.780511,3.3
23:04:28.881763,3.3
23:04:28.997925,3.3
23:04:29.083012,3.3
23:04:29.184602,3.3
23:04:29.290630,3.3
23:04:29.385916,3.3
23:04:29.488623,3.3
23:04:29.588882,3.3
23:04:29.690750,3.3
23:04:29.791944,3.3
23:04:29.892966,3.3
23:04:29.993932,3.3
23:04:30.095072,3.3
23:04:30.195849,3.3
23:04:30.298535,3.3
23:04:30.399474,3.3
23:04:30.506186,3.3
23:04:30.602596,3.3
23:04:30.703466,3.3
23:04:30.805983,3.3
23:04:30.904748,3.3
23:04:31.010900,3.3
23:04:31.106691,3.3
23:04:31.209516,3.3
23:04:31.309895,3.3
23:04:31.414450,3.3
23:04:31.512062,3.3
23:04:31.614020,3.3
23:04:31.717010,3.3
23:04:31.815863,3.3
23:04:31.918722,3.3
23:04:32.019464,3.3
23:04:32.119883,3.3
23:04:32.221150,3.3
23:04:32.322927,3.3
23:04:32.427175,3.3
23:04:32.526911,3.3
23:04:32.626394,3.3
23:04:32.734750,3.3
23:04:32.837166,3.3
23:04:32.931093,3.3
23:04:34.031521,3.3
23:04:34.131941,3.3
23:04:34.238160,3.3
23:04:34.334124,3.3
23:04:34.455654,3.3
23:04:34.539007,3.3
23:04:34.639090,3.3
23:04:34.738827,3.3
23:04:34.841303,3.3
23:04:34.944394,3.3
23:04:35.045569,3.3
23:04:35.143844,3.3
23:04:35.272922,3.3
23:04:35.347803,3.3
23:04:35.448677,3.3
23:04:35.551305,3.3
23:04:35.651040,3.3
23:04:35.753755,3.3
23:04:35.853799,3.3
23:04:35.954122,3.3
23:04:36.057132,3.3
23:04:36.159776,3.3
23:04:36.257701,3.3
23:04:36.362295,3.3
23:04:36.462657,3.3
23:04:36.562039,3.3
23:04:36.663924,3.3
23:04:36.763834,3.3
23:04:36.865609,3.3
23:04:36.967462,3.3
23:04:37.070870,3.3
23:04:37.168957,3.3
23:04:37.270800,3.3
23:04:37.373986,3.3
23:04:37.475482,3.3
23:04:37.574293,3.3
23:04:37.675046,3.3
23:04:37.776719,3.3
23:04:37.877776,3.3
23:04:37.979444,3.3
23:04:38.088912,3.3
23:04:38.183216,3.3
23:04:38.283755,3.3
23:04:38.384313,3.3
23:04:38.484874,3.3
23:04:38.587917,3.3
23:04:38.689545,3.3
23:04:38.788975,3.3
23:04:38.893952,3.3
23:04:38.991631,3.3
23:04:39.095460,3.3
23:04:39.194453,3.3
23:04:39.298706,3.3
23:04:39.395911,3.3
23:04:39.498715,3.3
23:04:39.598858,3.3
23:04:39.701259,3.3
23:04:39.802519,3.3
23:04:39.903152,3.3
23:04:40.012339,3.3
23:04:40.106152,3.3
23:04:40.207533,3.3
23:04:40.307917,3.3
23:04:40.411984,3.3
23:04:40.510102,3.3
23:04:40.610933,3.3
23:04:40.712732,3.3
23:04:40.813930,3.3
23:04:40.914895,3.3
23:04:41.016306,3.3
23:04:41.118130,3.3
23:04:41.218981,3.3
23:04:41.325477,3.3
23:04:41.421989,3.3
23:04:41.523029,3.3
23:04:41.623943,3.3
23:04:41.726684,3.3
23:04:41.825709,3.3
23:04:41.930378,3.3
23:04:42.031128,3.3
23:04:42.130697,3.3
23:04:42.231662,3.3
23:04:42.334937,3.3
23:04:42.434243,3.3
23:04:42.539345,3.3
23:04:42.640167,3.3
23:04:42.738904,3.3
23:04:42.844998,3.3
23:04:42.941916,3.3
23:04:43.040846,3.3
23:04:43.147021,3.3
23:04:43.244712,3.3
23:04:43.350154,3.3
23:04:43.446571,3.3
23:04:43.546984,3.3
23:04:43.648927,3.3
23:04:43.753621,3.3
23:04:43.851026,3.3
23:04:43.954162,3.3
23:04:44.052987,3.3
23:04:44.155851,3.3
23:04:44.255881,3.3
23:04:44.356924,3.3
23:04:44.457920,3.3
23:04:44.559599,3.3
23:04:44.673054,3.3
23:04:44.762217,3.3
23:04:44.862838,3.3
23:04:44.968642,3.3
23:04:45.068111,3.3
23:04:45.169735,3.3
23:04:45.268049,3.3
23:04:45.369847,3.3
23:04:45.471484,3.3
23:04:45.581573,3.3
23:04:45.672989,3.3
23:04:45.774851,3.3
23:04:45.877398,3.3
23:04:45.977160,3.3
23:04:46.091862,3.3
23:04:46.190360,3.3
23:04:46.281347,3.3
23:04:46.381958,3.3
23:04:46.484586,3.3
23:04:46.586327,3.3
23:04:46.685847,3.3
23:04:46.787554,3.3
23:04:46.893828,3.3
23:04:46.990571,3.3
23:04:47.093689,3.3
23:04:47.194101,3.3
23:04:47.299094,3.3
23:04:47.394342,3.3
23:04:47.495924,3.3
23:04:47.600379,3.3
23:04:47.697827,3.3
23:04:47.799946,3.3
23:04:47.901086,3.3
23:04:48.001802,3.3
23:04:48.106750,3.3
23:04:48.204931,3.3
23:04:48.306003,3.3
23:04:48.409807,3.3
23:04:48.508005,3.3
23:04:48.609502,3.3
23:04:48.712573,3.3
23:04:48.820372,3.3
23:04:48.916144,3.3
23:04:49.014678,3.3
23:04:49.116402,3.3
23:04:49.216857,3.3
23:04:49.318319,3.3
23:04:49.419095,3.3
23:04:49.521787,3.3
23:04:49.623237,3.3
23:04:49.725036,3.3
23:04:49.825375,3.3
23:04:49.926760,3.3
23:04:50.026884,3.3
23:04:50.129276,3.3
23:04:50.228860,3.3
23:04:50.333118,3.3
23:04:50.432558,3.3
23:04:50.534646,3.3
23:04:50.636726,3.3
23:04:50.734903,3.3
23:04:50.837878,3.3
23:04:50.943003,3.3
23:04:51.040191,3.3
23:04:51.139827,3.3
23:04:51.241709,3.3
23:04:51.343380,3.3
23:04:51.448606,3.3
23:04:51.544986,3.3
23:04:51.649650,3.3
23:04:51.748577,3.3
23:04:51.854040,3.3
23:04:51.952822,3.3
23:04:52.051979,3.3
23:04:52.153263,3.3
23:04:52.254083,3.3
23:04:52.356203,3.3
23:04:52.460033,3.3
23:04:52.559525,3.3
23:04:52.658895,3.3
23:04:52.764031,3.3
23:04:52.862264,3.3
23:04:52.967475,3.3
23:04:53.064525,3.3
23:04:53.166860,3.3
23:04:53.266096,3.3
23:04:53.369343,3.3
23:04:53.468936,3.3
23:04:53.570461,3.3
23:04:53.672661,3.3
23:04:53.778337,3.3
23:04:53.874127,3.3
23:04:53.976194,3.3
23:04:54.077059,3.3
23:04:54.178310,3.3
23:04:54.280042,3.3
23:04:54.380953,3.3
23:04:54.481147,3.3
23:04:54.583513,3.3
23:04:54.683871,3.3
23:04:54.786061,3.3
23:04:54.891931,3.3
23:04:54.988205,3.3
23:04:55.089649,3.3
23:04:55.191929,3.3
23:04:55.291231,3.3
23:04:55.394842,3.3
23:04:55.495667,3.3
23:04:55.595194,3.3
23:04:55.696430,3.3
23:04:55.797884,3.3
23:04:55.903107,3.3
23:04:55.999674,3.3
23:04:56.101914,3.3
23:04:56.202625,3.3
23:04:56.306157,3.3
23:04:56.404908,3.3
23:04:56.505701,3.3
23:04:56.607750,3.3
23:04:56.709956,3.3
23:04:56.810157,3.3
23:04:56.911731,3.3
23:04:57.014735,3.3
23:04:57.113972,3.3
23:04:57.215700,3.3
23:04:57.316615,3.3
23:04:57.418975,3.3
23:04:57.523229,3.3
23:04:57.619989,3.3
23:04:57.721819,3.3
23:04:57.821860,3.3
23:04:57.924288,3.3
23:04:58.026485,3.3
23:04:58.127183,3.3
23:04:58.226833,3.3
23:04:58.329411,3.3
23:04:58.430125,3.3
23:04:58.531506,3.3
23:04:58.632542,3.3
23:04:58.732879,3.3
23:04:58.835992,3.3
23:04:58.936666,3.3
23:04:59.037984,3.3
23:04:59.140134,3.3
23:04:59.239724,3.3
23:04:59.342601,3.3
23:04:59.442554,3.3
23:04:59.543429,3.3
23:04:59.645583,3.3
23:04:59.751862,3.3
23:04:59.847370,3.3
23:04:59.948849,3.3
23:05:00.054621,3.3
23:05:00.151364,3.3
23:05:00.252113,3.3
23:05:00.352944,3.3
23:05:00.454742,3.3
23:05:00.563106,3.3
23:05:00.658271,3.3
23:05:00.758693,3.3
23:05:00.860472,3.3
23:05:00.961506,3.3
23:05:01.064168,3.3
23:05:01.165759,3.3
23:05:01.263924,3.3
23:05:01.366001,3.3
23:05:01.469013,3.3
23:05:01.571931,3.3
23:05:01.673223,3.3
23:05:01.770922,3.3
23:05:01.871835,3.3
23:05:01.973049,3.3
23:05:02.077517,3.3
23:05:02.176321,3.3
23:05:02.281233,3.3
23:05:02.395423,3.3
23:05:02.479124,3.3
23:05:02.581006,3.3
23:05:02.684060,3.3
23:05:02.783056,3.3
23:05:02.885024,3.3
23:05:02.986416,3.3
23:05:03.086939,3.3
23:05:03.188723,3.3
23:05:03.289157,3.3
23:05:03.403194,3.3
23:05:03.492785,3.3
23:05:03.594829,3.3
23:05:03.694237,3.3
23:05:03.796941,3.3
23:05:03.899192,3.3
23:05:03.997792,3.3
23:05:04.099000,3.3
23:05:04.200267,3.3
23:05:04.302064,3.3
23:05:04.403356,3.3
23:05:04.504379,3.3
23:05:04.605129,3.3
23:05:04.709880,3.3
23:05:04.808347,3.3
23:05:04.915372,3.3
23:05:05.010171,3.3
23:05:05.111632,3.3
23:05:05.214790,3.3
23:05:05.317462,3.3
23:05:05.419542,3.3
23:05:05.516675,3.3
23:05:05.619764,3.3
23:05:05.722925,3.3
23:05:05.819709,3.3
23:05:05.921912,3.3
23:05:06.024704,3.3
23:05:06.124933,3.3
23:05:06.224934,3.3
23:05:06.326997,3.3
23:05:06.432055,3.3
23:05:06.529470,3.3
23:05:06.631427,3.3
23:05:06.732976,3.3
23:05:06.835528,3.3
23:05:06.933997,3.3
23:05:07.034950,3.3
23:05:07.140458,3.3
23:05:07.237995,3.3
23:05:07.338994,3.3
23:05:07.439886,3.3
23:05:07.544689,3.3
23:05:07.644423,3.3
23:05:07.745007,3.3
23:05:07.846368,3.3
23:05:07.945641,3.3
23:05:08.063246,3.3
23:05:08.149661,3.3
23:05:08.252497,3.3
23:05:08.350902,3.3
23:05:08.453763,3.3
23:05:08.556024,3.3
23:05:08.655042,3.3
23:05:08.757754,3.3
23:05:08.858098,3.3
23:05:08.967820,3.3
23:05:09.065340,3.3
23:05:09.162955,3.3
23:05:09.263004,3.3
23:05:09.363924,3.3
23:05:09.469365,3.3
23:05:09.566017,3.3
23:05:09.669694,3.3
23:05:09.771928,3.3
23:05:09.870185,3.3
23:05:09.979409,3.3
23:05:10.073267,3.3
23:05:10.173898,3.3
23:05:10.277565,3.3
23:05:10.382874,3.3
23:05:10.476707,3.3
23:05:10.578915,3.3
23:05:10.682538,3.3
23:05:10.780966,3.3
23:05:10.883735,3.3
23:05:10.984238,3.3
23:05:11.085390,3.3
23:05:11.185948,3.3
23:05:11.286876,3.3
23:05:11.389691,3.3
23:05:11.491328,3.3
23:05:11.590630,3.3
23:05:11.692048,3.3
23:05:11.793873,3.3
23:05:11.904521,3.3
23:05:11.995845,3.3
23:05:12.102867,3.3
23:05:12.208576,3.3
23:05:12.305606,3.3
23:05:12.411674,3.3
23:05:12.512826,3.3
23:05:12.605870,3.3
23:05:12.706964,3.3
23:05:12.807135,3.3
23:05:12.910830,3.3
23:05:13.007835,3.3
23:05:13.111505,3.3
23:05:13.211229,3.3
23:05:13.312098,3.3
23:05:13.416003,3.3
23:05:13.527955,3.3
23:05:13.618381,3.3
23:05:13.718406,3.3
23:05:13.819235,3.3
23:05:13.920870,3.3
23:05:14.024046,3.3
23:05:14.122346,3.3
23:05:14.226684,3.3
23:05:14.324718,3.3
23:05:14.430888,3.3
23:05:14.526871,3.3
23:05:14.630623,3.3
23:05:14.732320,3.3
23:05:14.831388,3.3
23:05:14.933972,3.3
23:05:15.033214,3.3
23:05:15.135739,3.3
23:05:15.235944,3.3
23:05:15.339797,3.3
23:05:15.440748,3.3
23:05:15.539925,3.3
23:05:15.652511,3.3
23:05:15.742576,3.3
23:05:15.844051,3.3
23:05:15.953785,3.3
23:05:16.046372,3.3
23:05:16.148049,3.3
23:05:16.247975,3.3
23:05:16.350190,3.3
23:05:16.452889,3.3
23:05:16.552344,3.3
23:05:16.652908,3.3
23:05:16.754060,3.3
23:05:16.856548,3.3
23:05:16.956841,3.3
23:05:17.059666,3.3
23:05:17.161424,3.3
23:05:17.268075,3.3
23:05:17.371219,3.3
23:05:17.465995,3.3
23:05:17.564547,3.3
23:05:17.670719,3.3
23:05:17.768402,3.3
23:05:17.868100,3.3
23:05:17.970285,3.3
23:05:18.074812,3.3
23:05:18.173622,3.3
23:05:18.276171,3.3
23:05:18.374860,3.3
23:05:18.477200,3.3
23:05:18.577070,3.3
23:05:18.678370,3.3
23:05:18.782657,3.3
23:05:18.883344,3.3
23:05:18.986595,3.3
23:05:19.082939,3.3
23:05:19.191021,3.3
23:05:19.285018,3.3
23:05:19.386912,3.3
23:05:19.492342,3.3
23:05:19.589253,3.3
23:05:19.690615,3.3
23:05:19.792734,3.3
23:05:19.892823,3.3
23:05:19.995228,3.3
23:05:20.095843,3.3
23:05:20.198024,3.3
23:05:20.298685,3.3
23:05:20.398998,3.3
23:05:20.510989,3.3
23:05:20.609487,3.3
23:05:20.706859,3.3
23:05:20.807519,3.3
23:05:20.906299,3.3
23:05:21.009519,3.3
23:05:21.108777,3.3
23:05:21.209658,3.3
23:05:21.310388,3.3
23:05:21.416738,3.3
23:05:21.513443,3.3
23:05:21.616200,3.3
23:05:21.715273,3.3
23:05:21.821724,3.3
23:05:21.918526,3.3
23:05:22.018861,3.3
23:05:22.120087,3.3
23:05:22.223434,3.3
23:05:22.327518,3.3
23:05:22.430009,3.3
23:05:22.528649,3.3
23:05:22.627294,3.3
23:05:22.727907,3.3
23:05:22.832393,3.3
23:05:22.929938,3.3
23:05:23.031489,3.3
23:05:23.134853,3.3
23:05:23.234084,3.3
23:05:23.335549,3.3
23:05:23.436073,3.3
23:05:23.548806,3.3
23:05:23.639785,3.3
23:05:23.741589,3.3
23:05:23.840883,3.3
23:05:23.944014,3.3
23:05:24.043942,3.3
23:05:24.147302,3.3
23:05:24.245887,3.3
23:05:24.353992,3.3
23:05:24.449272,3.3
23:05:24.549902,3.3
23:05:24.650925,3.3
23:05:24.752072,3.3
23:05:24.854433,3.3
23:05:24.955647,3.3
23:05:25.057942,3.3
23:05:25.158859,3.3
23:05:25.259896,3.3
23:05:25.360011,3.3
23:05:25.461718,3.3
23:05:25.561933,3.3
23:05:25.665155,3.3
23:05:25.765033,3.3
23:05:25.865829,3.3
23:05:25.973935,3.3
23:05:26.070032,3.3
23:05:26.171660,3.3
23:05:26.274932,3.3
23:05:26.371872,3.3
23:05:26.476136,3.3
23:05:26.578113,3.3
23:05:26.676247,3.3
23:05:26.778132,3.3
23:05:26.881926,3.3
23:05:26.982085,3.3
23:05:27.081625,3.3
23:05:27.182831,3.3
23:05:27.288841,3.3
23:05:27.384660,3.3
23:05:27.485847,3.3
23:05:27.588578,3.3
23:05:27.689341,3.3
23:05:27.790589,3.3
23:05:27.893634,3.3
23:05:27.992133,3.3
23:05:28.100415,3.3
23:05:28.194712,3.3
23:05:28.296401,3.3
23:05:28.398393,3.3
23:05:28.498783,3.3
23:05:28.600267,3.3
23:05:28.701215,3.3
23:05:28.801682,3.3
23:05:28.903414,3.3
23:05:29.007600,3.3
23:05:29.105939,3.3
23:05:29.215466,3.3
23:05:29.308012,3.3
23:05:29.410694,3.3
23:05:29.511299,3.3
23:05:29.619316,3.3
23:05:29.712947,3.3
23:05:29.823165,3.3
23:05:29.915985,3.3
23:05:30.016642,3.3
23:05:30.118604,3.3
23:05:30.225750,3.3
23:05:30.327396,3.3
23:05:30.423557,3.3
23:05:30.522747,3.3
23:05:30.628786,3.3
23:05:30.726537,3.3
23:05:30.826993,3.3
23:05:30.929474,3.3
23:05:31.029072,3.3
23:05:31.131285,3.3
23:05:31.240305,3.3
23:05:31.334146,3.3
23:05:31.440194,3.3
23:05:31.538048,3.3
23:05:31.638011,3.3
23:05:31.739707,3.3
23:05:31.839473,3.3
23:05:31.943898,3.3
23:05:32.041883,3.3
23:05:32.148375,3.3
23:05:32.246142,3.3
23:05:32.346986,3.3
23:05:32.448346,3.3
23:05:32.548335,3.3
23:05:32.649465,3.3
23:05:32.751965,3.3
23:05:32.858885,3.3
23:05:32.953646,3.3
23:05:33.053943,3.3
23:05:33.154963,3.3
23:05:33.260957,3.3
23:05:33.359610,3.3
23:05:33.459575,3.3
23:05:33.564200,3.3
23:05:33.661939,3.3
23:05:33.763856,3.3
23:05:33.864176,3.3
23:05:33.966837,3.3
23:05:34.067200,3.3
23:05:34.168410,3.3
23:05:34.273066,3.3
23:05:34.371035,3.3
23:05:34.472945,3.3
23:05:34.574293,3.3
23:05:34.675902,3.3
23:05:34.775013,3.3
23:05:34.876744,3.3
23:05:34.983300,3.3
23:05:35.080058,3.3
23:05:35.184109,3.3
23:05:35.285300,3.3
23:05:35.383380,3.3
23:05:35.484033,3.3
23:05:35.584971,3.3
23:05:35.687119,3.3
23:05:35.789934,3.3
23:05:35.893373,3.3
23:05:35.993862,3.3
23:05:36.091607,3.3
23:05:36.193917,3.3
23:05:36.299602,3.3
23:05:36.396113,3.3
23:05:36.498553,3.3
23:05:36.598891,3.3
23:05:36.700495,3.3
23:05:36.803652,3.3
23:05:36.900925,3.3
23:05:37.003359,3.3
23:05:37.104071,3.3
23:05:37.205504,3.3
23:05:37.305937,3.3
23:05:37.410805,3.3
23:05:37.510858,3.3
23:05:37.610904,3.3
23:05:37.716251,3.3
23:05:37.813367,3.3
23:05:37.914176,3.3
23:05:38.016264,3.3
23:05:38.115960,3.3
23:05:38.221046,3.3
23:05:38.318953,3.3
23:05:38.420259,3.3
23:05:38.524861,3.3
23:05:38.622701,3.3
23:05:38.731024,3.3
23:05:38.828606,3.3
23:05:38.927609,3.3
23:05:39.030060,3.3
23:05:39.129089,3.3
23:05:39.229850,3.3
23:05:39.335135,3.3
23:05:39.432180,3.3
23:05:39.534532,3.3
23:05:39.637323,3.3
23:05:39.735782,3.3
23:05:39.837381,3.3
23:05:39.939958,3.3
23:05:40.041764,3.3
23:05:40.142039,3.3
23:05:40.242875,3.3
23:05:40.344222,3.3
23:05:40.446055,3.3
23:05:40.545988,3.3
23:05:40.648507,3.3
23:05:40.752338,3.3
23:05:40.857243,3.3
23:05:40.952072,3.3
23:05:41.055249,3.3
23:05:41.154444,3.3
23:05:41.254739,3.3
23:05:41.355998,3.3
23:05:41.458492,3.3
23:05:41.559276,3.3
23:05:41.659978,3.3
23:05:41.764572,3.3
23:05:41.863605,3.3
23:05:41.963930,3.3
23:05:42.065174,3.3
23:05:42.165935,3.3
23:05:42.267827,3.3
23:05:42.367769,3.3
23:05:42.469894,3.3
23:05:42.579815,3.3
23:05:42.674568,3.3
23:05:42.772979,3.3
23:05:42.875940,3.3
23:05:42.976252,3.3
23:05:43.078123,3.3
23:05:43.178422,3.3
23:05:43.280207,3.3
23:05:43.381095,3.3
23:05:43.483446,3.3
23:05:43.583208,3.3
23:05:43.685084,3.3
23:05:43.785837,3.3
23:05:43.887080,3.3
23:05:43.988078,3.3
23:05:44.092195,3.3
23:05:44.191325,3.3
23:05:44.296173,3.3
23:05:44.393482,3.3
23:05:44.496578,3.3
23:05:44.596030,3.3
23:05:44.696859,3.3
23:05:44.806402,3.3
23:05:44.899834,3.3
23:05:45.002127,3.3
23:05:45.102068,3.3
23:05:45.204007,3.3
23:05:45.304350,3.3
23:05:45.405924,3.3
23:05:45.508932,3.3
23:05:45.608113,3.3
23:05:45.709771,3.3
23:05:45.810934,3.3
23:05:45.920217,3.3
23:05:46.013571,3.3
23:05:46.114051,3.3
23:05:46.217318,3.3
23:05:46.320157,3.3
23:05:46.417949,3.3
23:05:46.529552,3.3
23:05:46.620342,3.3
23:05:46.725336,3.3
23:05:46.822908,3.3
23:05:46.930495,3.3
23:05:47.025402,3.3
23:05:47.127522,3.3
23:05:47.228164,3.3
23:05:47.328967,3.3
23:05:47.434070,3.3
23:05:47.532809,3.3
23:05:47.633402,3.3
23:05:47.734528,3.3
23:05:47.836357,3.3
23:05:47.937536,3.3
23:05:48.038013,3.3
23:05:49.139293,3.3
23:05:49.240522,3.3
23:05:49.345365,3.3
23:05:49.442124,3.3
23:05:49.547118,3.3
23:05:49.644843,3.3
23:05:49.748639,3.3
23:05:49.847375,3.3
23:05:49.949335,3.3
23:05:50.049962,3.3
23:05:50.151984,3.3
23:05:50.251981,3.3
23:05:50.353864,3.3
23:05:50.455023,3.3
23:05:50.561722,3.3
23:05:50.658198,3.3
23:05:50.759815,3.3
23:05:50.862604,3.3
23:05:50.960842,3.3
23:05:51.071773,3.3
23:05:51.166946,3.3
23:05:51.268121,3.3
23:05:51.366009,3.3
23:05:51.467057,3.3
23:05:51.568386,3.3
23:05:51.670118,3.3
23:05:51.772668,3.3
23:05:51.872858,3.3
23:05:51.972732,3.3
23:05:52.075039,3.3
23:05:52.176809,3.3
23:05:52.276955,3.3
23:05:52.384464,3.3
23:05:52.480193,3.3
23:05:52.588108,3.3
23:05:52.689226,3.3
23:05:52.787664,3.3
23:05:52.895996,3.3
23:05:52.996507,3.3
23:05:53.109939,3.3
23:05:53.189703,3.3
23:05:53.290842,3.3
23:05:53.394574,3.3
23:05:53.492940,3.3
23:05:53.592941,3.3
23:05:53.696414,3.3
23:05:53.795913,3.3
23:05:53.900631,3.3
23:05:53.999615,3.3
23:05:54.099462,3.3
23:05:54.205162,3.3
23:05:54.305739,3.3
23:05:54.403709,3.3
23:05:54.504922,3.3
23:05:54.608375,3.3
23:05:54.707977,3.3
23:05:54.807888,3.3
23:05:54.915414,3.3
23:05:55.013086,3.3
23:05:55.113852,3.3
23:05:55.219323,3.3
23:05:55.319488,3.3
23:05:55.415913,3.3
23:05:55.516937,3.3
23:05:55.617910,3.3
23:05:55.720788,3.3
23:05:55.822197,3.3
23:05:55.923876,3.3
23:05:56.022761,3.3
23:05:56.124487,3.3
23:05:56.226367,3.3
23:05:56.329105,3.3
23:05:56.428901,3.3
23:05:56.529005,3.3
23:05:56.630926,3.3
23:05:56.731954,3.3
23:05:56.835828,3.3
23:05:56.938314,3.3
23:05:57.035679,3.3
23:05:57.139151,3.3
23:05:57.238215,3.3
23:05:57.343030,3.3
23:05:57.443010,3.3
23:05:57.543504,3.3
23:05:57.643021,3.3
23:05:57.745636,3.3
23:05:57.846402,3.3
23:05:57.947078,3.3
23:05:58.047975,3.3
23:05:58.149642,3.3
23:05:58.250661,3.3
23:05:58.358812,3.3
23:05:58.453644,3.3
23:05:58.554477,3.3
23:05:58.655345,3.3
23:05:58.759293,3.3
23:05:58.858098,3.3
23:05:58.971379,3.3
23:05:59.060185,3.3
23:05:59.161951,3.3
23:05:59.267248,3.3
23:05:59.370082,3.3
23:05:59.468231,3.3
23:05:59.574020,3.3
23:05:59.668759,3.3
23:05:59.771020,3.3
23:05:59.870841,3.3
23:05:59.973808,3.3
23:06:00.077891,3.3
23:06:00.173896,3.3
23:06:00.282398,3.3
23:06:00.376998,3.3
23:06:00.479276,3.3
23:06:00.579433,3.3
23:06:00.680346,3.3
23:06:00.784642,3.3
23:06:00.883609,3.3
23:06:00.984068,3.3
23:06:01.084979,3.3
23:06:01.192328,3.3
23:06:01.289790,3.3
23:06:01.390103,3.3
23:06:01.491557,3.3
23:06:01.607475,3.3
23:06:01.693928,3.3
23:06:01.794216,3.3
23:06:01.895190,3.3
23:06:01.995971,3.3
23:06:02.098043,3.3
23:06:02.198820,3.3
23:06:02.300462,3.3
23:06:02.402869,3.3
23:06:02.503214,3.3
23:06:02.604348,3.3
23:06:02.705883,3.3
23:06:02.806418,3.3
23:06:02.911567,3.3
23:06:03.008901,3.3
23:06:03.109902,3.3
23:06:03.211843,3.3
23:06:03.313156,3.3
23:06:03.414414,3.3
23:06:03.518014,3.3
23:06:03.616354,3.3
23:06:03.718079,3.3
23:06:03.827864,3.3
23:06:03.919959,3.3
23:06:04.021905,3.3
23:06:04.123313,3.3
23:06:04.224073,3.3
23:06:04.325185,3.3
23:06:04.426607,3.3
23:06:04.527364,3.3
23:06:04.637469,3.3
23:06:04.729937,3.3
23:06:04.835406,3.3
23:06:04.932215,3.3
23:06:05.033031,3.3
23:06:05.135773,3.3
23:06:05.237919,3.3
23:06:05.336916,3.3
23:06:05.442476,3.3
23:06:05.539800,3.3
23:06:05.644380,3.3
23:06:05.742428,3.3
23:06:05.849376,3.3
23:06:05.945271,3.3
23:06:06.049322,3.3
23:06:06.148396,3.3
23:06:06.253779,3.3
23:06:06.350989,3.3
23:06:06.452857,3.3
23:06:06.551773,3.3
23:06:06.653988,3.3
23:06:06.756961,3.3
23:06:06.855944,3.3
23:06:06.956953,3.3
23:06:07.057974,3.3
23:06:07.162263,3.3
23:06:07.261095,3.3
23:06:07.361664,3.3
23:06:07.464870,3.3
23:06:07.565110,3.3
23:06:07.668982,3.3
23:06:07.766947,3.3
23:06:07.867917,3.3
23:06:07.970587,3.3
23:06:08.070950,3.3
23:06:08.172575,3.3
23:06:08.273476,3.3
23:06:08.375926,3.3
23:06:08.476142,3.3
23:06:08.579627,3.3
23:06:08.679552,3.3
23:06:08.779969,3.3
23:06:08.881494,3.3
23:06:08.982835,3.3
23:06:09.083008,3.3
23:06:09.184754,3.3
23:06:09.286929,3.3
23:06:09.388050,3.3
23:06:09.487902,3.3
23:06:09.589029,3.3
23:06:09.692283,3.3
23:06:09.798648,3.3
23:06:09.892992,3.3
23:06:09.995057,3.3
23:06:10.096151,3.3
23:06:10.197505,3.3
23:06:10.304124,3.3
23:06:10.400721,3.3
23:06:10.502770,3.3
23:06:10.602858,3.3
23:06:10.704270,3.3
23:06:10.804138,3.3
23:06:10.905952,3.3
23:06:11.009306,3.3
23:06:11.108031,3.3
23:06:11.210741,3.3
23:06:11.311200,3.3
23:06:11.411994,3.3
23:06:11.513093,3.3
23:06:11.614612,3.3
23:06:11.715114,3.3
23:06:11.819665,3.3
23:06:11.918139,3.3
23:06:12.020921,3.3
23:06:12.119961,3.3
23:06:12.221838,3.3
23:06:12.330446,3.3
23:06:12.425575,3.3
23:06:12.526408,3.3
23:06:12.626763,3.3
23:06:12.728455,3.3
23:06:12.830532,3.3
23:06:12.929995,3.3
23:06:13.037837,3.3
23:06:13.137539,3.3
23:06:13.234103,3.3
23:06:13.334768,3.3
23:06:13.438406,3.3
23:06:13.537905,3.3
23:06:13.639044,3.3
23:06:13.742307,3.3
23:06:13.843205,3.3
23:06:13.944527,3.3
23:06:14.044184,3.3
23:06:14.147927,3.3
23:06:14.249816,3.3
23:06:14.348666,3.3
23:06:14.449925,3.3
23:06:14.550009,3.3
23:06:14.653072,3.3
23:06:14.754537,3.3
23:06:14.860386,3.3
23:06:14.957922,3.3
23:06:15.057014,3.3
23:06:15.157769,3.3
23:06:15.260164,3.3
23:06:15.367792,3.3
23:06:15.460935,3.3
23:06:15.563613,3.3
23:06:15.664317,3.3
23:06:15.770494,3.3
23:06:15.866228,3.3
23:06:15.975071,3.3
23:06:16.068947,3.3
23:06:16.170373,3.3
23:06:16.270901,3.3
23:06:16.372262,3.3
23:06:16.479933,3.3
23:06:16.576866,3.3
23:06:16.675866,3.3
23:06:16.777987,3.3
23:06:16.878814,3.3
23:06:16.980222,3.3
23:06:17.085441,3.3
23:06:17.183317,3.3
23:06:17.286521,3.3
23:06:17.384668,3.3
23:06:17.486932,3.3
23:06:17.588174,3.3
23:06:17.693309,3.3
23:06:17.789919,3.3
23:06:17.891492,3.3
23:06:17.991949,3.3
23:06:18.094286,3.3
23:06:18.202912,3.3
23:06:18.306726,3.3
23:06:18.396835,3.3
23:06:18.500729,3.3
23:06:18.600661,3.3
23:06:18.704626,3.3
23:06:18.807161,3.3
23:06:18.903763,3.3
23:06:19.006114,3.3
23:06:19.106567,3.3
23:06:19.208306,3.3
23:06:19.310217,3.3
23:06:19.417775,3.3
23:06:19.511462,3.3
23:06:19.612362,3.3
23:06:19.716428,3.3
23:06:19.816254,3.3
23:06:19.919982,3.3
23:06:20.016888,3.3
23:06:20.119191,3.3
23:06:20.220522,3.3
23:06:20.323266,3.3
23:06:20.427033,3.3
23:06:20.523365,3.3
23:06:20.627146,3.3
23:06:20.725956,3.3
23:06:20.829606,3.3
23:06:20.928300,3.3
23:06:21.032247,3.3
23:06:21.132675,3.3
23:06:21.234754,3.3
23:06:21.333882,3.3
23:06:21.434953,3.3
23:06:21.536215,3.3
23:06:21.638211,3.3
23:06:21.741060,3.3
23:06:21.842211,3.3
23:06:21.941209,3.3
23:06:22.042934,3.3
23:06:22.145402,3.3
23:06:22.252285,3.3
23:06:22.350133,3.3
23:06:22.455196,3.3
23:06:22.547888,3.3
23:06:22.649991,3.3
23:06:22.751297,3.3
23:06:22.858577,3.3
23:06:22.954783,3.3
23:06:23.053774,3.3
23:06:23.156667,3.3
23:06:23.258835,3.3
23:06:23.357759,3.3
23:06:23.462439,3.3
23:06:23.561900,3.3
23:06:23.663075,3.3
23:06:23.762933,3.3
23:06:23.866783,3.3
23:06:23.966531,3.3
23:06:24.068190,3.3
23:06:24.173391,3.3
23:06:24.269005,3.3
23:06:24.369996,3.3
23:06:24.473873,3.3
23:06:24.573554,3.3
23:06:24.673917,3.3
23:06:24.775068,3.3
23:06:24.877072,3.3
23:06:24.981598,3.3
23:06:25.079135,3.3
23:06:25.180812,3.3
23:06:25.282038,3.3
23:06:25.383382,3.3
23:06:25.488600,3.3
23:06:25.585941,3.3
23:06:25.687905,3.3
23:06:25.793588,3.3
23:06:25.889358,3.3
23:06:25.995827,3.3
23:06:26.092987,3.3
23:06:26.197967,3.3
23:06:26.294020,3.3
23:06:26.396722,3.3
23:06:26.499254,3.3
23:06:26.597862,3.3
23:06:26.700380,3.3
23:06:26.800202,3.3
23:06:26.904278,3.3
23:06:27.003972,3.3
23:06:27.105121,3.3
23:06:27.206782,3.3
23:06:27.307161,3.3
23:06:27.408832,3.3
23:06:27.509218,3.3
23:06:27.611455,3.3
23:06:27.710997,3.3
23:06:27.813406,3.3
23:06:27.917960,3.3
23:06:28.015141,3.3
23:06:28.117220,3.3
23:06:28.219728,3.3
23:06:28.320307,3.3
23:06:28.421002,3.3
23:06:28.522697,3.3
23:06:28.624219,3.3
23:06:28.727108,3.3
23:06:28.825851,3.3
23:06:28.925978,3.3
23:06:29.028564,3.3
23:06:29.144400,3.3
23:06:29.234759,3.3
23:06:29.332824,3.3
23:06:29.432905,3.3
23:06:29.534259,3.3
23:06:29.635082,3.3
23:06:29.737553,3.3
23:06:29.838800,3.3
23:06:29.941752,3.3
23:06:30.040290,3.3
23:06:30.141261,3.3
23:06:30.244691,3.3
23:06:30.344959,3.3
23:06:30.446988,3.3
23:06:30.549864,3.3
23:06:30.650109,3.3
23:06:30.749372,3.3
23:06:30.850939,3.3
23:06:30.953094,3.3
23:06:31.055894,3.3
23:06:31.155977,3.3
23:06:31.259071,3.3
23:06:31.358570,3.3
23:06:31.456916,3.3
23:06:31.561059,3.3
23:06:31.660123,3.3
23:06:31.771127,3.3
23:06:31.863791,3.3
23:06:31.963924,3.3
23:06:32.071081,3.3
23:06:32.166703,3.3
23:06:32.270718,3.3
23:06:32.377377,3.3
23:06:32.470275,3.3
23:06:32.572069,3.3
23:06:32.672580,3.3
23:06:32.776946,3.3
23:06:32.878609,3.3
23:06:32.976472,3.3
23:06:33.077042,3.3
23:06:33.179547,3.3
23:06:33.285177,3.3
23:06:33.386466,3.3
23:06:33.483892,3.3
23:06:33.585070,3.3
23:06:33.689991,3.3
23:06:33.787280,3.3
23:06:33.887313,3.3
23:06:33.988458,3.3
23:06:34.092334,3.3
23:06:34.195637,3.3
23:06:34.292756,3.3
23:06:34.395483,3.3
23:06:34.497272,3.3
23:06:34.597145,3.3
23:06:34.697173,3.3
23:06:34.798807,3.3
23:06:34.899866,3.3
23:06:35.003708,3.3
23:06:35.103039,3.3
23:06:35.203116,3.3
23:06:35.312009,3.3
23:06:35.406043,3.3
23:06:35.513057,3.3
23:06:35.619708,3.3
23:06:35.713737,3.3
23:06:35.811506,3.3
23:06:35.916371,3.3
23:06:36.013204,3.3
23:06:36.115139,3.3
23:06:36.218789,3.3
23:06:36.321973,3.3
23:06:36.418873,3.3
23:06:36.525008,3.3
23:06:36.621411,3.3
23:06:36.723838,3.3
23:06:36.824592,3.3
23:06:36.927987,3.3
23:06:37.025992,3.3
23:06:37.126797,3.3
23:06:37.228366,3.3
23:06:37.335868,3.3
23:06:37.431137,3.3
23:06:37.531983,3.3
23:06:37.635890,3.3
23:06:37.736401,3.3
23:06:37.838225,3.3
23:06:37.937914,3.3
23:06:38.038282,3.3
23:06:38.139672,3.3
23:06:38.242842,3.3
23:06:38.341980,3.3
23:06:38.442906,3.3
23:06:38.546952,3.3
23:06:38.647366,3.3
23:06:38.746901,3.3
23:06:38.849601,3.3
23:06:38.950311,3.3
23:06:39.052174,3.3
23:06:39.152367,3.3
23:06:39.253013,3.3
23:06:39.354071,3.3
23:06:39.455525,3.3
23:06:39.557974,3.3
23:06:39.660244,3.3
23:06:39.758882,3.3
23:06:39.860096,3.3
23:06:39.963125,3.3
23:06:40.063443,3.3
23:06:40.163954,3.3
23:06:40.267535,3.3
23:06:40.368945,3.3
23:06:40.468260,3.3
23:06:40.570064,3.3
23:06:40.669943,3.3
23:06:40.774761,3.3
23:06:40.872691,3.3
23:06:40.977034,3.3
23:06:41.076390,3.3
23:06:41.176983,3.3
23:06:41.281987,3.3
23:06:41.379653,3.3
23:06:41.482364,3.3
23:06:41.582160,3.3
23:06:41.683718,3.3
23:06:41.787729,3.3
23:06:41.885332,3.3
23:06:41.987926,3.3
23:06:42.089163,3.3
23:06:42.189399,3.3
23:06:42.296580,3.3
23:06:42.393968,3.3
23:06:42.494843,3.3
23:06:42.594834,3.3
23:06:42.697572,3.3
23:06:42.796856,3.3
23:06:42.901753,3.3
23:06:43.001457,3.3
23:06:43.104587,3.3
23:06:43.202451,3.3
23:06:43.306168,3.3
23:06:43.404021,3.3
23:06:43.505398,3.3
23:06:43.608446,3.3
23:06:43.711308,3.3
23:06:43.815834,3.3
23:06:43.909919,3.3
23:06:44.011424,3.3
23:06:44.113678,3.3
23:06:44.216232,3.3
23:06:44.315472,3.3
23:06:44.419599,3.3
23:06:44.517809,3.3
23:06:44.618883,3.3
23:06:44.719999,3.3
23:06:44.820928,3.3
23:06:44.924682,3.3
23:06:45.026471,3.3
23:06:45.126760,3.3
23:06:45.229364,3.3
23:06:45.330957,3.3
23:06:45.428947,3.3
23:06:45.534813,3.3
23:06:45.632270,3.3
23:06:45.733249,3.3
23:06:45.836025,3.3
23:06:45.934968,3.3
23:06:46.035689,3.3
23:06:46.142839,3.3
23:06:46.239151,3.3
23:06:46.342130,3.3
23:06:46.440903,3.3
23:06:46.543454,3.3
23:06:46.646612,3.3
23:06:46.745154,3.3
23:06:46.845904,3.3
23:06:46.947871,3.3
23:06:47.049052,3.3
23:06:47.159783,3.3
23:06:47.252865,3.3
23:06:47.363655,3.3
23:06:47.454037,3.3
23:06:47.567281,3.3
23:06:47.655998,3.3
23:06:47.757744,3.3
23:06:47.860806,3.3
23:06:47.959957,3.3
23:06:48.062566,3.3
23:06:48.166690,3.3
23:06:48.265457,3.3
23:06:48.370445,3.3
23:06:48.466789,3.3
23:06:48.567021,3.3
23:06:48.669356,3.3
23:06:48.770769,3.3
23:06:48.875794,3.3
23:06:48.972121,3.3
23:06:49.073781,3.3
23:06:49.175878,3.3
23:06:49.276290,3.3
23:06:49.377021,3.3
23:06:49.478042,3.3
23:06:49.580041,3.3
23:06:49.681712,3.3
23:06:49.782914,3.3
23:06:49.882966,3.3
23:06:49.985824,3.3
23:06:50.091897,3.3
23:06:50.187222,3.3
23:06:50.288351,3.3
23:06:50.389895,3.3
23:06:50.491556,3.3
23:06:50.593110,3.3
23:06:50.700383,3.3
23:06:50.795517,3.3
23:06:50.897649,3.3
23:06:50.997141,3.3
23:06:51.102748,3.3
23:06:51.202487,3.3
23:06:51.301821,3.3
23:06:51.409253,3.3
23:06:51.503020,3.3
23:06:51.605274,3.3
23:06:51.706140,3.3
23:06:51.808963,3.3
23:06:51.912431,3.3
23:06:52.011598,3.3
23:06:52.111649,3.3
23:06:52.214248,3.3
23:06:52.313170,3.3
23:06:52.414722,3.3
23:06:52.517310,3.3
23:06:52.617110,3.3
23:06:52.719880,3.3
23:06:52.820220,3.3
23:06:52.921117,3.3
23:06:53.022266,3.3
23:06:53.122975,3.3
23:06:53.224329,3.3
23:06:53.328416,3.3
23:06:53.427352,3.3
23:06:53.528230,3.3
23:06:53.628705,3.3
23:06:53.731259,3.3
23:06:53.832860,3.3
23:06:53.933353,3.3
23:06:54.034566,3.3
23:06:54.136066,3.3
23:06:54.239292,3.3
23:06:54.345581,3.3
23:06:54.441866,3.3
23:06:54.540545,3.3
23:06:54.643798,3.3
23:06:54.743695,3.3
23:06:54.844217,3.3
23:06:54.945036,3.3
23:06:55.047046,3.3
23:06:55.155139,3.3
23:06:55.249029,3.3
23:06:55.350293,3.3
23:06:55.452088,3.3
23:06:55.553710,3.3
23:06:55.653909,3.3
23:06:55.765108,3.3
23:06:55.857980,3.3
23:06:55.957942,3.3
23:06:56.060433,3.3
23:06:56.160862,3.3
23:06:56.265131,3.3
23:06:56.362954,3.3
23:06:56.463887,3.3
23:06:56.564915,3.3
23:06:56.669428,3.3
23:06:56.772362,3.3
23:06:56.869854,3.3
23:06:56.972859,3.3
23:06:57.071521,3.3
23:06:57.172878,3.3
23:06:57.274119,3.3
23:06:57.377480,3.3
23:06:57.477122,3.3
23:06:57.579936,3.3
23:06:57.681608,3.3
23:06:57.780189,3.3
23:06:57.885070,3.3
23:06:57.983210,3.3
23:06:58.088408,3.3
23:06:58.184936,3.3
23:06:58.291561,3.3
23:06:58.388462,3.3
23:06:58.490694,3.3
23:06:58.590562,3.3
23:06:58.692803,3.3
23:06:58.795634,3.3
23:06:58.895439,3.3
23:06:58.995011,3.3
23:06:59.100722,3.3
23:06:59.198910,3.3
23:06:59.299011,3.3
23:06:59.400525,3.3
23:06:59.505363,3.3
23:06:59.603430,3.3
23:06:59.704733,3.3
23:06:59.805794,3.3
23:06:59.908923,3.3
23:07:00.011942,3.3
23:07:00.122115,3.3
23:07:00.209765,3.3
23:07:00.313079,3.3
23:07:00.411766,3.3
23:07:00.521291,3.3
23:07:00.621240,3.3
23:07:00.718933,3.3
23:07:00.818838,3.3
23:07:00.922989,3.3
23:07:01.025368,3.3
23:07:01.122291,3.3
23:07:01.228018,3.3
23:07:01.324399,3.3
23:07:01.424909,3.3
23:07:01.527604,3.3
23:07:01.626712,3.3
23:07:01.734965,3.3
23:07:01.830962,3.3
23:07:01.932674,3.3
23:07:02.031875,3.3
23:07:02.137026,3.3
23:07:02.235900,3.3
23:07:02.336977,3.3
23:07:02.441547,3.3
23:07:02.543597,3.3
23:07:02.640213,3.3
23:07:02.741203,3.3
23:07:02.842646,3.3
23:07:02.943784,3.3
23:07:03.048623,3.3
23:07:03.147105,3.3
23:07:04.247042,3.3
23:07:04.347951,3.3
23:07:04.448955,3.3
23:07:04.551087,3.3
23:07:04.652724,3.3
23:07:04.755032,3.3
23:07:04.853759,3.3
23:07:04.955976,3.3
23:07:05.061646,3.3
23:07:05.157944,3.3
23:07:05.261822,3.3
23:07:05.360860,3.3
23:07:05.462114,3.3
23:07:05.568027,3.3
23:07:05.665932,3.3
23:07:05.769384,3.3
23:07:05.867537,3.3
23:07:05.967952,3.3
23:07:06.070829,3.3
23:07:06.173021,3.3
23:07:06.272209,3.3
23:07:06.374447,3.3
23:07:06.474254,3.3
23:07:06.579572,3.3
23:07:06.677090,3.3
23:07:06.777803,3.3
23:07:06.878808,3.3
23:07:06.982733,3.3
23:07:07.083349,3.3
23:07:07.183383,3.3
23:07:07.284486,3.3
23:07:07.386472,3.3
23:07:07.487511,3.3
23:07:07.588504,3.3
23:07:07.689167,3.3
23:07:07.792752,3.3
23:07:07.895393,3.3
23:07:07.994010,3.3
23:07:08.094317,3.3
23:07:08.195251,3.3
23:07:08.298070,3.3
23:07:08.406203,3.3
23:07:08.499077,3.3
23:07:08.599793,3.3
23:07:08.701920,3.3
23:07:08.803013,3.3
23:07:08.903746,3.3
23:07:09.007351,3.3
23:07:09.107133,3.3
23:07:09.208122,3.3
23:07:09.308982,3.3
23:07:09.410087,3.3
23:07:09.511447,3.3
23:07:09.613696,3.3
23:07:09.716496,3.3
23:07:09.816428,3.3
23:07:09.917271,3.3
23:07:10.018640,3.3
23:07:10.119413,3.3
23:07:10.220426,3.3
23:07:10.326051,3.3
23:07:10.423724,3.3
23:07:10.524987,3.3
23:07:10.625037,3.3
23:07:10.725931,3.3
23:07:10.830386,3.3
23:07:10.929139,3.3
23:07:11.033304,3.3
23:07:11.131472,3.3
23:07:11.239402,3.3
23:07:11.336612,3.3
23:07:11.438317,3.3
23:07:11.536499,3.3
23:07:11.641193,3.3
23:07:11.739055,3.3
23:07:11.840593,3.3
23:07:11.942406,3.3
23:07:12.042862,3.3
23:07:12.146474,3.3
23:07:12.245088,3.3
23:07:12.345976,3.3
23:07:12.446816,3.3
23:07:12.549933,3.3
23:07:12.649910,3.3
23:07:12.751456,3.3
23:07:12.852580,3.3
23:07:12.954150,3.3
23:07:13.057118,3.3
23:07:13.157356,3.3
23:07:13.256962,3.3
23:07:13.364952,3.3
23:07:13.460355,3.3
23:07:13.562147,3.3
23:07:13.662377,3.3
23:07:13.767125,3.3
23:07:13.865059,3.3
23:07:13.969190,3.3
23:07:14.067089,3.3
23:07:14.169022,3.3
23:07:14.270286,3.3
23:07:14.375677,3.3
23:07:14.472087,3.3
23:07:14.585599,3.3
23:07:14.676097,3.3
23:07:14.776730,3.3
23:07:14.877000,3.3
23:07:14.979059,3.3
23:07:15.080870,3.3
23:07:15.186732,3.3
23:07:15.282076,3.3
23:07:15.385687,3.3
23:07:15.484886,3.3
23:07:15.590000,3.3
23:07:15.687237,3.3
23:07:15.795109,3.3
23:07:15.890093,3.3
23:07:15.992048,3.3
23:07:16.092812,3.3
23:07:16.197666,3.3
23:07:16.296203,3.3
23:07:16.397980,3.3
23:07:16.497446,3.3
23:07:16.598979,3.3
23:07:16.700071,3.3
23:07:16.800825,3.3
23:07:16.902307,3.3
23:07:17.004233,3.3
23:07:17.105854,3.3
23:07:17.206583,3.3
23:07:17.307674,3.3
23:07:17.407702,3.3
23:07:17.509985,3.3
23:07:17.611952,3.3
23:07:17.712102,3.3
23:07:17.814677,3.3
23:07:17.923120,3.3
23:07:18.024968,3.3
23:07:18.123138,3.3
23:07:18.220882,3.3
23:07:18.320461,3.3
23:07:18.421418,3.3
23:07:18.525162,3.3
23:07:18.625209,3.3
23:07:18.731004,3.3
23:07:18.826704,3.3
23:07:18.931803,3.3
23:07:19.031563,3.3
23:07:19.130533,3.3
23:07:19.231476,3.3
23:07:19.332002,3.3
23:07:19.436265,3.3
23:07:19.535211,3.3
23:07:19.637355,3.3
23:07:19.737577,3.3
23:07:19.845783,3.3
23:07:19.943513,3.3
23:07:20.041335,3.3
23:07:20.145018,3.3
23:07:20.243385,3.3
23:07:20.345200,3.3
23:07:20.445918,3.3
23:07:20.550331,3.3
23:07:20.648389,3.3
23:07:20.759288,3.3
23:07:20.853996,3.3
23:07:20.951946,3.3
23:07:21.053466,3.3
23:07:21.154093,3.3
23:07:21.258124,3.3
23:07:21.357053,3.3
23:07:21.459429,3.3
23:07:21.562708,3.3
23:07:21.663518,3.3
23:07:21.761964,3.3
23:07:21.863018,3.3
23:07:21.963760,3.3
23:07:22.066060,3.3
23:07:22.168074,3.3
23:07:22.273855,3.3
23:07:22.368731,3.3
23:07:22.471292,3.3
23:07:22.572457,3.3
23:07:22.672870,3.3
23:07:22.774315,3.3
23:07:22.876134,3.3
23:07:22.982015,3.3
23:07:23.081083,3.3
23:07:23.180788,3.3
23:07:23.280304,3.3
23:07:23.384290,3.3
23:07:23.483445,3.3
23:07:23.589082,3.3
23:07:23.685062,3.3
23:07:23.787635,3.3
23:07:23.888044,3.3
23:07:23.991881,3.3
23:07:24.090773,3.3
23:07:24.192266,3.3
23:07:24.300141,3.3
23:07:24.396161,3.3
23:07:24.495153,3.3
23:07:24.599675,3.3
23:07:24.699211,3.3
23:07:24.812503,3.3
23:07:24.901169,3.3
23:07:25.004199,3.3
23:07:25.102923,3.3
23:07:25.210053,3.3
23:07:25.305828,3.3
23:07:25.408099,3.3
23:07:25.507917,3.3
23:07:25.609656,3.3
23:07:25.717065,3.3
23:07:25.812557,3.3
23:07:25.921175,3.3
23:07:26.014311,3.3
23:07:26.115285,3.3
23:07:26.219371,3.3
23:07:26.320056,3.3
23:07:26.427050,3.3
23:07:26.524165,3.3
23:07:26.622886,3.3
23:07:26.722886,3.3
23:07:26.823999,3.3
23:07:26.925003,3.3
23:07:27.028708,3.3
23:07:27.128651,3.3
23:07:27.229779,3.3
23:07:27.334561,3.3
23:07:27.433621,3.3
23:07:27.535193,3.3
23:07:27.635233,3.3
23:07:27.735056,3.3
23:07:27.837503,3.3
23:07:27.940679,3.3
23:07:28.040559,3.3
23:07:28.141491,3.3
23:07:28.241150,3.3
23:07:28.343860,3.3
23:07:28.444670,3.3
23:07:28.547286,3.3
23:07:28.645964,3.3
23:07:28.763612,3.3
23:07:28.850723,3.3
23:07:28.950876,3.3
23:07:29.052198,3.3
23:07:29.156547,3.3
23:07:29.254681,3.3
23:07:29.355529,3.3
23:07:29.456973,3.3
23:07:29.558886,3.3
23:07:29.658985,3.3
23:07:29.760148,3.3
23:07:29.861207,3.3
23:07:29.963078,3.3
23:07:30.064191,3.3
23:07:30.166749,3.3
23:07:30.265940,3.3
23:07:30.367990,3.3
23:07:30.474355,3.3
23:07:30.570074,3.3
23:07:30.671101,3.3
23:07:30.777898,3.3
23:07:30.874400,3.3
23:07:30.978245,3.3
23:07:31.076137,3.3
23:07:31.178025,3.3
23:07:31.279149,3.3
23:07:31.382120,3.3
23:07:31.481276,3.3
23:07:31.583807,3.3
23:07:31.691497,3.3
23:07:31.784987,3.3
23:07:31.886561,3.3
23:07:31.987984,3.3
23:07:32.088939,3.3
23:07:32.190653,3.3
23:07:32.292144,3.3
23:07:32.394998,3.3
23:07:32.496394,3.3
23:07:32.596312,3.3
23:07:32.696094,3.3
23:07:32.801646,3.3
23:07:32.901014,3.3
23:07:33.000219,3.3
23:07:33.102320,3.3
23:07:33.202188,3.3
23:07:33.311677,3.3
23:07:33.408023,3.3
23:07:33.506553,3.3
23:07:33.607521,3.3
23:07:33.709763,3.3
23:07:33.811470,3.3
23:07:33.912737,3.3
23:07:34.018660,3.3
23:07:34.119548,3.3
23:07:34.219030,3.3
23:07:34.317345,3.3
23:07:34.421451,3.3
23:07:34.520565,3.3
23:07:34.620190,3.3
23:07:34.721039,3.3
23:07:34.824322,3.3
23:07:34.923495,3.3
23:07:35.026146,3.3
23:07:35.131404,3.3
23:07:35.235336,3.3
23:07:35.327995,3.3
23:07:35.429950,3.3
23:07:35.531373,3.3
23:07:35.632606,3.3
23:07:35.736553,3.3
23:07:35.838773,3.3
23:07:35.936066,3.3
23:07:36.037032,3.3
23:07:36.138611,3.3
23:07:36.241254,3.3
23:07:36.341371,3.3
23:07:36.442040,3.3
23:07:36.543225,3.3
23:07:36.645429,3.3
23:07:36.750844,3.3
23:07:36.848890,3.3
23:07:36.948937,3.3
23:07:37.049997,3.3
23:07:37.151009,3.3
23:07:37.251843,3.3
23:07:37.354096,3.3
23:07:37.454549,3.3
23:07:37.555731,3.3
23:07:37.657845,3.3
23:07:37.759022,3.3
23:07:37.860357,3.3
23:07:37.961785,3.3
23:07:38.065748,3.3
23:07:38.166116,3.3
23:07:38.264057,3.3
23:07:38.374560,3.3
23:07:38.471233,3.3
23:07:38.572725,3.3
23:07:38.672054,3.3
23:07:38.774306,3.3
23:07:38.875813,3.3
23:07:38.974160,3.3
23:07:39.079336,3.3
23:07:39.176192,3.3
23:07:39.279710,3.3
23:07:39.381209,3.3
23:07:39.479164,3.3
23:07:39.586803,3.3
23:07:39.682478,3.3
23:07:39.782966,3.3
23:07:39.884440,3.3
23:07:39.985609,3.3
23:07:40.087642,3.3
23:07:40.188389,3.3
23:07:40.290827,3.3
23:07:40.390320,3.3
23:07:40.492082,3.3
23:07:40.593320,3.3
23:07:40.695508,3.3
23:07:40.795174,3.3
23:07:40.898447,3.3
23:07:40.999028,3.3
23:07:41.099221,3.3
23:07:41.211108,3.3
23:07:41.302047,3.3
23:07:41.406621,3.3
23:07:41.506911,3.3
23:07:41.614895,3.3
23:07:41.708553,3.3
23:07:41.822436,3.3
23:07:41.910497,3.3
23:07:42.009978,3.3
23:07:42.112385,3.3
23:07:42.212990,3.3
23:07:42.315274,3.3
23:07:42.416124,3.3
23:07:42.517117,3.3
23:07:42.618054,3.3
23:07:42.720682,3.3
23:07:42.820299,3.3
23:07:42.922038,3.3
23:07:43.028522,3.3
23:07:43.127220,3.3
23:07:43.226086,3.3
23:07:43.327250,3.3
23:07:43.427987,3.3
23:07:43.528989,3.3
23:07:43.630079,3.3
23:07:43.731723,3.3
23:07:43.835728,3.3
23:07:43.937667,3.3
23:07:44.035000,3.3
23:07:44.138399,3.3
23:07:44.241199,3.3
23:07:44.340172,3.3
23:07:44.440042,3.3
23:07:44.542656,3.3
23:07:44.644649,3.3
23:07:44.744247,3.3
23:07:44.849731,3.3
23:07:44.946656,3.3
23:07:45.049260,3.3
23:07:45.148950,3.3
23:07:45.255054,3.3
23:07:45.351351,3.3
23:07:45.452809,3.3
23:07:45.554123,3.3
23:07:45.655060,3.3
23:07:45.759914,3.3
23:07:45.858539,3.3
23:07:45.960929,3.3
23:07:46.060648,3.3
23:07:46.161121,3.3
23:07:46.262568,3.3
23:07:46.364376,3.3
23:07:46.464994,3.3
23:07:46.571279,3.3
23:07:46.668194,3.3
23:07:46.769573,3.3
23:07:46.876180,3.3
23:07:46.972073,3.3
23:07:47.074368,3.3
23:07:47.173820,3.3
23:07:47.277599,3.3
23:07:47.377476,3.3
23:07:47.481476,3.3
23:07:47.581043,3.3
23:07:47.683062,3.3
23:07:47.784161,3.3
23:07:47.883962,3.3
23:07:47.984020,3.3
23:07:48.085189,3.3
23:07:48.194022,3.3
23:07:48.289942,3.3
23:07:48.389309,3.3
23:07:48.490264,3.3
23:07:48.596727,3.3
23:07:48.694634,3.3
23:07:48.793056,3.3
23:07:48.894862,3.3
23:07:49.017226,3.3
23:07:49.097953,3.3
23:07:49.198192,3.3
23:07:49.299808,3.3
23:07:49.401490,3.3
23:07:49.504324,3.3
23:07:49.603334,3.3
23:07:49.706213,3.3
23:07:49.805949,3.3
23:07:49.908871,3.3
23:07:50.008068,3.3
23:07:50.109471,3.3
23:07:50.211306,3.3
23:07:50.314306,3.3
23:07:50.413724,3.3
23:07:50.513948,3.3
23:07:50.618951,3.3
23:07:50.716998,3.3
23:07:50.818260,3.3
23:07:50.921412,3.3
23:07:51.023704,3.3
23:07:51.124991,3.3
23:07:51.223111,3.3
23:07:51.325469,3.3
23:07:51.427878,3.3
23:07:51.533282,3.3
23:07:51.629661,3.3
23:07:51.729702,3.3
23:07:51.831149,3.3
23:07:51.940695,3.3
23:07:52.032914,3.3
23:07:52.135390,3.3
23:07:52.244918,3.3
23:07:52.337449,3.3
23:07:52.447275,3.3
23:07:52.540130,3.3
23:07:52.640948,3.3
23:07:52.742256,3.3
23:07:52.843775,3.3
23:07:52.943766,3.3
23:07:53.049479,3.3
23:07:53.146841,3.3
23:07:53.248885,3.3
23:07:53.349149,3.3
23:07:53.454452,3.3
23:07:53.562581,3.3
23:07:53.652732,3.3
23:07:53.754995,3.3
23:07:53.860084,3.3
23:07:53.972868,3.3
23:07:54.057970,3.3
23:07:54.175366,3.3
23:07:54.269180,3.3
23:07:54.375175,3.3
23:07:54.463179,3.3
23:07:54.575004,3.3
23:07:54.664876,3.3
23:07:54.775358,3.3
23:07:54.874441,3.3
23:07:54.974001,3.3
23:07:55.072031,3.3
23:07:55.179301,3.3
23:07:55.272948,3.3
23:07:55.376000,3.3
23:07:55.479181,3.3
23:07:55.577503,3.3
23:07:55.677768,3.3
23:07:55.779623,3.3
23:07:55.888512,3.3
23:07:55.982795,3.3
23:07:56.086604,3.3
23:07:56.191460,3.3
23:07:56.286240,3.3
23:07:56.387397,3.3
23:07:56.489185,3.3
23:07:56.590174,3.3
23:07:56.692910,3.3
23:07:56.794467,3.3
23:07:56.908622,3.3
23:07:56.994917,3.3
23:07:57.095703,3.3
23:07:57.199340,3.3
23:07:57.298844,3.3
23:07:57.405228,3.3
23:07:57.499986,3.3
23:07:57.603899,3.3
23:07:57.706565,3.3
23:07:57.805429,3.3
23:07:57.907709,3.3
23:07:58.006157,3.3
23:07:58.116240,3.3
23:07:58.209335,3.3
23:07:58.311372,3.3
23:07:58.416310,3.3
23:07:58.514340,3.3
23:07:58.614885,3.3
23:07:58.721105,3.3
23:07:58.816842,3.3
23:07:58.921591,3.3
23:07:59.020355,3.3
23:07:59.121045,3.3
23:07:59.231289,3.3
23:07:59.324247,3.3
23:07:59.424387,3.3
23:07:59.526223,3.3
23:07:59.626111,3.3
23:07:59.728241,3.3
23:07:59.829715,3.3
23:07:59.931553,3.3
23:08:00.031236,3.3
23:08:00.134104,3.3
23:08:00.237796,3.3
23:08:00.336587,3.3
23:08:00.440313,3.3
23:08:00.537764,3.3
23:08:00.639307,3.3
23:08:00.744835,3.3
23:08:00.849507,3.3
23:08:00.943415,3.3
23:08:01.044007,3.3
23:08:01.146287,3.3
23:08:01.246891,3.3
23:08:01.347019,3.3
23:08:01.451155,3.3
23:08:01.550418,3.3
23:08:01.656654,3.3
23:08:01.752021,3.3
23:08:01.852982,3.3
23:08:01.955079,3.3
23:08:02.056657,3.3
23:08:02.163321,3.3
23:08:02.259560,3.3
23:08:02.367764,3.3
23:08:02.461348,3.3
23:08:02.569889,3.3
23:08:02.667369,3.3
23:08:02.766789,3.3
23:08:02.867368,3.3
23:08:02.971194,3.3
23:08:03.070341,3.3
23:08:03.171116,3.3
23:08:03.271220,3.3
23:08:03.372453,3.3
23:08:03.474851,3.3
23:08:03.575433,3.3
23:08:03.690833,3.3
23:08:03.777238,3.3
23:08:03.878240,3.3
23:08:03.981600,3.3
23:08:04.081936,3.3
23:08:04.185065,3.3
23:08:04.283424,3.3
23:08:04.387797,3.3
23:08:04.486637,3.3
23:08:04.589547,3.3
23:08:04.690353,3.3
23:08:04.799330,3.3
23:08:04.892334,3.3
23:08:04.992742,3.3
23:08:05.095311,3.3
23:08:05.193976,3.3
23:08:05.296215,3.3
23:08:05.397843,3.3
23:08:05.498745,3.3
23:08:05.600128,3.3
23:08:05.704799,3.3
23:08:05.816325,3.3
23:08:05.905016,3.3
23:08:06.008867,3.3
23:08:06.106526,3.3
23:08:06.214328,3.3
23:08:06.308525,3.3
23:08:06.409346,3.3
23:08:06.515979,3.3
23:08:06.612009,3.3
23:08:06.717760,3.3
23:08:06.814783,3.3
23:08:06.922917,3.3
23:08:07.017251,3.3
23:08:07.120652,3.3
23:08:07.219939,3.3
23:08:07.323295,3.3
23:08:07.427041,3.3
23:08:07.528399,3.3
23:08:07.626230,3.3
23:08:07.726089,3.3
23:08:07.836448,3.3
23:08:07.928040,3.3
23:08:08.030154,3.3
23:08:08.131048,3.3
23:08:08.231870,3.3
23:08:08.336467,3.3
23:08:08.434986,3.3
23:08:08.537401,3.3
23:08:08.637474,3.3
23:08:08.739140,3.3
23:08:08.841356,3.3
23:08:08.942066,3.3
23:08:09.042173,3.3
23:08:09.144836,3.3
23:08:09.249677,3.3
23:08:09.347691,3.3
23:08:09.447171,3.3
23:08:09.548697,3.3
23:08:09.649919,3.3
23:08:09.752239,3.3
23:08:09.852864,3.3
23:08:09.953350,3.3
23:08:10.054100,3.3
23:08:10.156171,3.3
23:08:10.258320,3.3
23:08:10.361798,3.3
23:08:10.459919,3.3
23:08:10.564333,3.3
23:08:10.662140,3.3
23:08:10.766192,3.3
23:08:10.865234,3.3
23:08:10.968480,3.3
23:08:11.067726,3.3
23:08:11.169146,3.3
23:08:11.269132,3.3
23:08:11.370752,3.3
23:08:11.472758,3.3
23:08:11.577289,3.3
23:08:11.673961,3.3
23:08:11.775012,3.3
23:08:11.876161,3.3
23:08:11.983554,3.3
23:08:12.079168,3.3
23:08:12.185095,3.3
23:08:12.284119,3.3
23:08:12.385173,3.3
23:08:12.487772,3.3
23:08:12.586406,3.3
23:08:12.689646,3.3
23:08:12.789498,3.3
23:08:12.890385,3.3
23:08:12.990224,3.3
23:08:13.094422,3.3
23:08:13.199108,3.3
23:08:13.293843,3.3
23:08:13.397275,3.3
23:08:13.498541,3.3
23:08:13.596769,3.3
23:08:13.701774,3.3
23:08:13.801542,3.3
23:08:13.903469,3.3
23:08:14.007890,3.3
23:08:14.104422,3.3
23:08:14.205021,3.3
23:08:14.305950,3.3
23:08:14.409072,3.3
23:08:14.510045,3.3
23:08:14.613127,3.3
23:08:14.710765,3.3
23:08:14.812727,3.3
23:08:14.914680,3.3
23:08:15.015037,3.3
23:08:15.117621,3.3
23:08:15.217005,3.3
23:08:15.321319,3.3
23:08:15.422714,3.3
23:08:15.523174,3.3
23:08:15.625440,3.3
23:08:15.725872,3.3
23:08:15.825102,3.3
23:08:15.927036,3.3
23:08:16.027728,3.3
23:08:16.129657,3.3
23:08:16.230339,3.3
23:08:16.331254,3.3
23:08:16.440260,3.3
23:08:16.534765,3.3
23:08:16.635981,3.3
23:08:16.744020,3.3
23:08:16.836990,3.3
23:08:16.941285,3.3
23:08:17.040568,3.3
23:08:17.146192,3.3
23:08:17.245383,3.3
23:08:17.343037,3.3
23:08:17.444750,3.3
23:08:17.547474,3.3
23:08:17.647229,3.3
23:08:17.748337,3.3
23:08:17.859604,3.3
23:08:17.953330,3.3
23:08:18.054026,3.3
23:08:18.153039,3.3
23:08:18.259067,3.3
23:08:19.355027,3.3
23:08:19.466123,3.3
23:08:19.558028,3.3
23:08:19.666210,3.3
23:08:19.761412,3.3
23:08:19.863957,3.3
23:08:19.963128,3.3
23:08:20.065352,3.3
23:08:20.166262,3.3
23:08:20.267022,3.3
23:08:20.369284,3.3
23:08:20.469012,3.3
23:08:20.571418,3.3
23:08:20.674948,3.3
23:08:20.773110,3.3
23:08:20.877027,3.3
23:08:20.975451,3.3
23:08:21.079030,3.3
23:08:21.179155,3.3
23:08:21.282185,3.3
23:08:21.381739,3.3
23:08:21.487878,3.3
23:08:21.586677,3.3
23:08:21.687122,3.3
23:08:21.785336,3.3
23:08:21.890559,3.3
23:08:21.988338,3.3
23:08:22.092510,3.3
23:08:22.190450,3.3
23:08:22.293973,3.3
23:08:22.392899,3.3
23:08:22.494931,3.3
23:08:22.595799,3.3
23:08:22.702803,3.3
23:08:22.815703,3.3
23:08:22.905571,3.3
23:08:23.000233,3.3
23:08:23.102285,3.3
23:08:23.203477,3.3
23:08:23.304106,3.3
23:08:23.406558,3.3
23:08:23.506234,3.3
23:08:23.609459,3.3
23:08:23.709701,3.3
23:08:23.809993,3.3
23:08:23.911555,3.3
23:08:24.013561,3.3
23:08:24.113948,3.3
23:08:24.215266,3.3
23:08:24.316626,3.3
23:08:24.418396,3.3
23:08:24.523870,3.3
23:08:24.620698,3.3
23:08:24.722092,3.3
23:08:24.822883,3.3
23:08:24.925267,3.3
23:08:25.024811,3.3
23:08:25.126792,3.3
23:08:25.227901,3.3
23:08:25.329654,3.3
23:08:25.440179,3.3
23:08:25.531924,3.3
23:08:25.632039,3.3
23:08:25.739416,3.3
23:08:25.835969,3.3
23:08:25.937808,3.3
23:08:26.038489,3.3
23:08:26.139501,3.3
23:08:26.240115,3.3
23:08:26.342145,3.3
23:08:26.444424,3.3
23:08:26.545500,3.3
23:08:26.645056,3.3
23:08:26.746361,3.3
23:08:26.854253,3.3
23:08:26.948153,3.3
23:08:27.051852,3.3
23:08:27.151908,3.3
23:08:27.259288,3.3
23:08:27.352813,3.3
23:08:27.455018,3.3
23:08:27.556060,3.3
23:08:27.657382,3.3
23:08:27.759493,3.3
23:08:27.861860,3.3
23:08:27.962273,3.3
23:08:28.062480,3.3
23:08:28.164963,3.3
23:08:28.266258,3.3
23:08:28.366051,3.3
23:08:28.467792,3.3
23:08:28.569007,3.3
23:08:28.673085,3.3
23:08:28.771037,3.3
23:08:28.872678,3.3
23:08:28.975202,3.3
23:08:29.076300,3.3
23:08:29.175755,3.3
23:08:29.277418,3.3
23:08:29.382356,3.3
23:08:29.483654,3.3
23:08:29.581674,3.3
23:08:29.683489,3.3
23:08:29.790949,3.3
23:08:29.885568,3.3
23:08:29.989920,3.3
23:08:30.091026,3.3
23:08:30.188052,3.3
23:08:30.289019,3.3
23:08:30.391300,3.3
23:08:30.493652,3.3
23:08:30.594447,3.3
23:08:30.698898,3.3
23:08:30.796203,3.3
23:08:30.897754,3.3
23:08:31.001896,3.3
23:08:31.099321,3.3
23:08:31.201128,3.3
23:08:31.306918,3.3
23:08:31.404578,3.3
23:08:31.504762,3.3
23:08:31.606895,3.3
23:08:31.707262,3.3
23:08:31.808397,3.3
23:08:31.909662,3.3
23:08:32.011881,3.3
23:08:32.112856,3.3
23:08:32.212890,3.3
23:08:32.315251,3.3
23:08:32.415581,3.3
23:08:32.517109,3.3
23:08:32.620922,3.3
23:08:32.721108,3.3
23:08:32.825367,3.3
23:08:32.922076,3.3
23:08:33.024662,3.3
23:08:33.124427,3.3
23:08:33.225891,3.3
23:08:33.327581,3.3
23:08:33.431349,3.3
23:08:33.529203,3.3
23:08:33.632396,3.3
23:08:33.731997,3.3
23:08:33.834297,3.3
23:08:33.934101,3.3
23:08:34.036440,3.3
23:08:34.138642,3.3
23:08:34.237843,3.3
23:08:34.340059,3.3
23:08:34.440438,3.3
23:08:34.552391,3.3
23:08:34.643582,3.3
23:08:34.744145,3.3
23:08:34.845290,3.3
23:08:34.946980,3.3
23:08:35.048962,3.3
23:08:35.149513,3.3
23:08:35.259069,3.3
23:08:35.351588,3.3
23:08:35.453099,3.3
23:08:35.559230,3.3
23:08:35.664372,3.3
23:08:35.756907,3.3
23:08:35.861998,3.3
23:08:35.959699,3.3
23:08:36.065189,3.3
23:08:36.161467,3.3
23:08:36.265049,3.3
23:08:36.364749,3.3
23:08:36.465699,3.3
23:08:36.574462,3.3
23:08:36.668072,3.3
23:08:36.783161,3.3
23:08:36.870917,3.3
23:08:36.971588,3.3
23:08:37.073082,3.3
23:08:37.174781,3.3
23:08:37.283483,3.3
23:08:37.381826,3.3
23:08:37.481173,3.3
23:08:37.580543,3.3
23:08:37.684101,3.3
23:08:37.781207,3.3
23:08:37.886318,3.3
23:08:37.984581,3.3
23:08:38.085017,3.3
23:08:38.186083,3.3
23:08:38.289406,3.3
23:08:38.389442,3.3
23:08:38.490632,3.3
23:08:38.593622,3.3
23:08:38.693989,3.3
23:08:38.794499,3.3
23:08:38.896554,3.3
23:08:38.996363,3.3
23:08:39.101601,3.3
23:08:39.199238,3.3
23:08:39.299907,3.3
23:08:39.401161,3.3
23:08:39.505437,3.3
23:08:39.606774,3.3
23:08:39.705021,3.3
23:08:39.809187,3.3
23:08:39.909032,3.3
23:08:40.009196,3.3
23:08:40.110226,3.3
23:08:40.210779,3.3
23:08:40.314087,3.3
23:08:40.416791,3.3
23:08:40.515793,3.3
23:08:40.616612,3.3
23:08:40.719336,3.3
